-- MySQL dump 10.13  Distrib 8.0.29, for Win64 (x86_64)
--
-- Host: localhost    Database: e_learn
-- ------------------------------------------------------
-- Server version	8.0.29

-- run scripts below before importing if needed
-- create database e_learn;
-- use e_learn;


/*!40101 SET @OLD_CHARACTER_SET_CLIENT=@@CHARACTER_SET_CLIENT */;
/*!40101 SET @OLD_CHARACTER_SET_RESULTS=@@CHARACTER_SET_RESULTS */;
/*!40101 SET @OLD_COLLATION_CONNECTION=@@COLLATION_CONNECTION */;
/*!50503 SET NAMES utf8 */;
/*!40103 SET @OLD_TIME_ZONE=@@TIME_ZONE */;
/*!40103 SET TIME_ZONE='+00:00' */;
/*!40014 SET @OLD_UNIQUE_CHECKS=@@UNIQUE_CHECKS, UNIQUE_CHECKS=0 */;
/*!40014 SET @OLD_FOREIGN_KEY_CHECKS=@@FOREIGN_KEY_CHECKS, FOREIGN_KEY_CHECKS=0 */;
/*!40101 SET @OLD_SQL_MODE=@@SQL_MODE, SQL_MODE='NO_AUTO_VALUE_ON_ZERO' */;
/*!40111 SET @OLD_SQL_NOTES=@@SQL_NOTES, SQL_NOTES=0 */;

--
-- Table structure for table `affiliate`
--

DROP TABLE IF EXISTS `affiliate`;
/*!40101 SET @saved_cs_client     = @@character_set_client */;
/*!50503 SET character_set_client = utf8mb4 */;
CREATE TABLE `affiliate` (
  `id` int NOT NULL AUTO_INCREMENT,
  `affiliate_code` varchar(50) DEFAULT NULL,
  `name` varchar(100) DEFAULT NULL,
  `birth_date` date DEFAULT NULL,
  `avatar` varchar(500) DEFAULT NULL,
  `address` varchar(100) DEFAULT NULL,
  `phone_number` bigint DEFAULT NULL,
  `facebook` varchar(100) DEFAULT NULL,
  `email` varchar(100) DEFAULT NULL,
  `created_by` varchar(50) DEFAULT NULL,
  `last_modified_by` varchar(50) DEFAULT NULL,
  `created_at` timestamp NULL DEFAULT NULL,
  `last_modified_at` timestamp NULL DEFAULT NULL,
  `status` varchar(20) DEFAULT NULL,
  PRIMARY KEY (`id`)
) ENGINE=InnoDB AUTO_INCREMENT=63 DEFAULT CHARSET=utf8mb4 COLLATE=utf8mb4_0900_ai_ci;
/*!40101 SET character_set_client = @saved_cs_client */;

--
-- Dumping data for table `affiliate`
--

LOCK TABLES `affiliate` WRITE;
/*!40000 ALTER TABLE `affiliate` DISABLE KEYS */;
INSERT INTO `affiliate` VALUES (1,'42291-884','Vernice Syphus','1990-10-23','https://robohash.org/nonnostrumaut.png?size=50x50&set=set1','8237 Hagan Trail',3457932589,NULL,'vsyphus0@theatlantic.com',NULL,NULL,NULL,NULL,'active'),(2,'68151-2010','Cherry Clulow','1994-02-05','https://robohash.org/necessitatibusvitaeveniam.png?size=50x50&set=set1','6793 Dayton Place',7407686068,NULL,'cclulow1@netvibes.com',NULL,NULL,NULL,NULL,'active'),(3,'42254-112','Lavina Teml','1983-12-23','https://robohash.org/magniveritatislaudantium.png?size=50x50&set=set1','7038 Sullivan Terrace',8904431218,NULL,'lteml2@g.co',NULL,NULL,NULL,NULL,'active'),(4,'0268-6670','Betteann Filyukov','2008-12-23','https://robohash.org/teneturhiclaboriosam.png?size=50x50&set=set1','5011 Oak Valley Park',2025399270,NULL,'bfilyukov3@seattletimes.com',NULL,NULL,NULL,NULL,'active'),(5,'52125-608','Leone Nayer','1996-06-02','https://robohash.org/estdoloremet.png?size=50x50&set=set1','0807 Londonderry Alley',3105856957,NULL,'lnayer4@mozilla.org',NULL,NULL,NULL,NULL,NULL),(6,'62713-814','Brandice Tomsa','2003-06-22','https://robohash.org/perspiciatisliberoexcepturi.png?size=50x50&set=set1','9906 Forest Pass',8027174989,NULL,'btomsa5@clickbank.net',NULL,NULL,NULL,NULL,NULL),(7,'60683-075','Gwenora McMenemy','2015-06-09','https://robohash.org/temporibuslaborevoluptatem.png?size=50x50&set=set1','8199 Harbort Point',3668014068,NULL,'gmcmenemy6@noaa.gov',NULL,NULL,NULL,NULL,NULL),(8,'68745-2009','Alva Thorbon','1993-06-25','https://robohash.org/quamrerumet.png?size=50x50&set=set1','296 School Hill',8731990035,NULL,'athorbon7@china.com.cn',NULL,NULL,NULL,NULL,NULL),(9,'64764-890','Manon MacEntee','2004-11-01','https://robohash.org/fugitsedrem.png?size=50x50&set=set1','4 Vahlen Circle',7496193003,NULL,'mmacentee8@blogtalkradio.com',NULL,NULL,NULL,NULL,NULL),(10,'36987-2391','Ninetta Ferier','2002-01-19','https://robohash.org/officiislaboriosamillo.png?size=50x50&set=set1','6 Village Road',2513173377,NULL,'nferier9@oakley.com',NULL,NULL,NULL,NULL,NULL),(11,'53808-0938','Lynea Friatt','1992-06-18','https://robohash.org/maioresvoluptatemid.png?size=50x50&set=set1','1569 Swallow Street',2092854244,NULL,'lfriatta@newyorker.com',NULL,NULL,NULL,NULL,NULL),(12,'10812-010','Lia Evers','1996-04-01','https://robohash.org/doloremquesitaut.png?size=50x50&set=set1','1 Nelson Street',2524889409,NULL,'leversb@studiopress.com',NULL,NULL,NULL,NULL,NULL),(13,'35356-672','Erik McGreary','1988-03-23','https://robohash.org/suntsuntrerum.png?size=50x50&set=set1','51 Reindahl Street',6345049817,NULL,'emcgrearyc@altervista.org',NULL,NULL,NULL,NULL,NULL),(14,'50227-2112','Herminia Cuttle','1992-04-27','https://robohash.org/laboreautet.png?size=50x50&set=set1','4 Wayridge Place',1878947666,NULL,'hcuttled@ehow.com',NULL,NULL,NULL,NULL,NULL),(15,'62670-4765','Marguerite Farmar','1996-12-12','https://robohash.org/eiusaspernatursit.png?size=50x50&set=set1','03337 Beilfuss Place',7823312457,NULL,'mfarmare@yale.edu',NULL,NULL,NULL,NULL,NULL),(16,'37205-200','Madelon MacIan','1999-09-19','https://robohash.org/cupiditateminusbeatae.png?size=50x50&set=set1','7242 Rockefeller Trail',3331498635,NULL,'mmacianf@php.net',NULL,NULL,NULL,NULL,NULL),(17,'49738-175','Meryl Bollands','1991-02-04','https://robohash.org/optiolaborumrecusandae.png?size=50x50&set=set1','841 Chive Point',8262969641,NULL,'mbollandsg@mozilla.org',NULL,NULL,NULL,NULL,NULL),(18,'22700-131','Dirk Candwell','1996-06-13','https://robohash.org/aliasinventorenon.png?size=50x50&set=set1','0 Kennedy Crossing',3483397827,NULL,'dcandwellh@reference.com',NULL,NULL,NULL,NULL,NULL),(19,'63824-468','Budd Clementson','1993-06-10','https://robohash.org/aspernaturdoloribuseligendi.png?size=50x50&set=set1','294 Shasta Pass',4316655965,NULL,'bclementsoni@cbc.ca',NULL,NULL,NULL,NULL,NULL),(20,'48951-9010','Devonna Cocker','1990-10-05','https://robohash.org/molestiaeidfuga.png?size=50x50&set=set1','2265 Pepper Wood Junction',7582466075,NULL,'dcockerj@1und1.de',NULL,NULL,NULL,NULL,NULL),(21,'61296-001','Idette Paragreen','1998-05-16','https://robohash.org/nobissuntlaborum.png?size=50x50&set=set1','36 Hanover Way',1538598652,NULL,'iparagreenk@163.com',NULL,NULL,NULL,NULL,NULL),(22,'36800-459','Viviyan Rutherfoord','1989-05-07','https://robohash.org/voluptatemestnostrum.png?size=50x50&set=set1','95304 Beilfuss Place',5125700250,NULL,'vrutherfoordl@amazon.co.jp',NULL,NULL,NULL,NULL,NULL),(23,'10742-2002','Alaine Reaper','2006-02-12','https://robohash.org/odioimpeditvoluptas.png?size=50x50&set=set1','877 Eagan Point',7185007035,NULL,'areaperm@flickr.com',NULL,NULL,NULL,NULL,NULL),(24,'30014-104','Nissy Selwyne','2010-03-16','https://robohash.org/quiesseeius.png?size=50x50&set=set1','602 Hermina Lane',1514165737,NULL,'nselwynen@moonfruit.com',NULL,NULL,NULL,NULL,NULL),(25,'0093-4029','Pollyanna Kinsman','1995-12-29','https://robohash.org/doloresnamrem.png?size=50x50&set=set1','5853 Columbus Park',7644477206,NULL,'pkinsmano@upenn.edu',NULL,NULL,NULL,NULL,NULL),(26,'64092-350','Clemence Pollitt','2006-02-23','https://robohash.org/voluptatemsuntbeatae.png?size=50x50&set=set1','62434 Valley Edge Drive',3061977859,NULL,'cpollittp@ning.com',NULL,NULL,NULL,NULL,NULL),(27,'59779-846','Micky Swaden','1997-03-18','https://robohash.org/rationeetharum.png?size=50x50&set=set1','62 Dwight Pass',9687900137,NULL,'mswadenq@vistaprint.com',NULL,NULL,NULL,NULL,NULL),(28,'55505-146','Sammy Pidon','1982-12-11','https://robohash.org/utofficiissint.png?size=50x50&set=set1','3710 Division Lane',8418206476,NULL,'spidonr@intel.com',NULL,NULL,NULL,NULL,NULL),(29,'67718-893','Park Godlonton','1981-09-05','https://robohash.org/voluptasessesed.png?size=50x50&set=set1','4 Bunker Hill Terrace',4382028746,NULL,'pgodlontons@posterous.com',NULL,NULL,NULL,NULL,NULL),(30,'68084-241','Theodoric Lethardy','2006-09-04','https://robohash.org/sitmaximesuscipit.png?size=50x50&set=set1','7324 Prentice Court',7082383220,NULL,'tlethardyt@youtu.be',NULL,NULL,NULL,NULL,NULL),(31,'13811-670','Dasie Shalcras','1982-09-09','https://robohash.org/autrationesed.png?size=50x50&set=set1','4 Elmside Parkway',7588926652,NULL,'dshalcrasu@whitehouse.gov',NULL,NULL,NULL,NULL,NULL),(32,'11822-9013','Kilian Tomasik','2015-11-24','https://robohash.org/ethiciure.png?size=50x50&set=set1','6 Bartelt Alley',7294329825,NULL,'ktomasikv@clickbank.net',NULL,NULL,NULL,NULL,NULL),(33,'49817-0078','Fredericka Klainman','2005-07-26','https://robohash.org/officiaquiharum.png?size=50x50&set=set1','3 Doe Crossing Park',7736737025,NULL,'fklainmanw@dailymotion.com',NULL,NULL,NULL,NULL,NULL),(34,'49288-0412','Iona Shevill','1986-01-03','https://robohash.org/sequisedet.png?size=50x50&set=set1','715 Melby Plaza',8126817923,NULL,'ishevillx@drupal.org',NULL,NULL,NULL,NULL,NULL),(35,'59667-0110','Ricca Lebell','2013-04-09','https://robohash.org/facilisdignissimosipsa.png?size=50x50&set=set1','85 Spenser Junction',1038812253,NULL,'rlebelly@icio.us',NULL,NULL,NULL,NULL,NULL),(36,'68788-1738','Guss Rappaport','1985-04-09','https://robohash.org/inexcepturiaut.png?size=50x50&set=set1','8 Dayton Street',3935193980,NULL,'grappaportz@oracle.com',NULL,NULL,NULL,NULL,NULL),(37,'0093-7772','Fania Lawful','2013-04-17','https://robohash.org/estenimlabore.png?size=50x50&set=set1','6616 Carioca Circle',8519474860,NULL,'flawful10@vk.com',NULL,NULL,NULL,NULL,NULL),(38,'54868-4563','Keefe Farren','1986-07-24','https://robohash.org/velsolutaaut.png?size=50x50&set=set1','954 Sunbrook Road',7258280111,NULL,'kfarren11@webnode.com',NULL,NULL,NULL,NULL,NULL),(39,'0093-8192','Bank Deavall','1997-04-02','https://robohash.org/debitisautiusto.png?size=50x50&set=set1','5672 Shoshone Avenue',5653750863,NULL,'bdeavall12@de.vu',NULL,NULL,NULL,NULL,NULL),(40,'0536-1008','Brett Couvet','2003-12-01','https://robohash.org/nisivoluptasnihil.png?size=50x50&set=set1','55 Glendale Point',2241634649,NULL,'bcouvet13@naver.com',NULL,NULL,NULL,NULL,NULL),(41,'0456-2202','Pail Castri','2003-04-26','https://robohash.org/doloremminuseligendi.png?size=50x50&set=set1','0586 Forster Center',9108934852,NULL,'pcastri14@imdb.com',NULL,NULL,NULL,NULL,NULL),(42,'66658-110','Isac Tindley','2006-07-27','https://robohash.org/reprehenderitomnisqui.png?size=50x50&set=set1','2983 Norway Maple Street',5689959854,NULL,'itindley15@twitter.com',NULL,NULL,NULL,NULL,NULL),(43,'0135-0432','Jennette Lamperd','1994-12-24','https://robohash.org/blanditiiscorporisquia.png?size=50x50&set=set1','78691 7th Court',6522052952,NULL,'jlamperd16@mit.edu',NULL,NULL,NULL,NULL,NULL),(44,'11822-7310','Denni Sawney','1999-11-12','https://robohash.org/reiciendisquiquia.png?size=50x50&set=set1','53 Kim Terrace',9368714337,NULL,'dsawney17@comcast.net',NULL,NULL,NULL,NULL,NULL),(45,'50114-8006','Tyler Storres','1999-10-01','https://robohash.org/recusandaehicexcepturi.png?size=50x50&set=set1','69 Harper Center',9581767751,NULL,'tstorres18@marketwatch.com',NULL,NULL,NULL,NULL,NULL),(46,'69003-412','Carilyn Bowley','2010-07-18','https://robohash.org/quiadoloresin.png?size=50x50&set=set1','9332 Messerschmidt Pass',9585260020,NULL,'cbowley19@fema.gov',NULL,NULL,NULL,NULL,NULL),(47,'49873-065','Seamus Bernade','2005-01-03','https://robohash.org/molestiaeautmolestias.png?size=50x50&set=set1','0979 Monica Pass',1221168908,NULL,'sbernade1a@geocities.com',NULL,NULL,NULL,NULL,NULL),(48,'59779-563','Candace Jakobsson','1989-10-07','https://robohash.org/optioconsequunturaut.png?size=50x50&set=set1','24720 West Drive',6442230618,NULL,'cjakobsson1b@apache.org',NULL,NULL,NULL,NULL,NULL),(49,'43406-0152','Esteban Tomasoni','1996-07-29','https://robohash.org/aperiametesse.png?size=50x50&set=set1','1 Valley Edge Street',3861013739,NULL,'etomasoni1c@wiley.com',NULL,NULL,NULL,NULL,NULL),(50,'50844-428','Lew Searles','1998-12-03','https://robohash.org/commodirepudiandaeautem.png?size=50x50&set=set1','08548 Montana Avenue',4066364494,NULL,'lsearles1d@nsw.gov.au',NULL,NULL,NULL,NULL,NULL),(51,'59608-001','Rubina Burt','1993-05-19','https://robohash.org/etquiarerum.png?size=50x50&set=set1','3648 Aberg Center',2688378768,NULL,'rburt1e@ox.ac.uk',NULL,NULL,NULL,NULL,NULL),(52,'67457-429','Cristal Raleston','2001-11-25','https://robohash.org/nihilquibusdamcum.png?size=50x50&set=set1','1 Warrior Junction',7276672317,NULL,'craleston1f@bigcartel.com',NULL,NULL,NULL,NULL,NULL),(53,'10191-1244','Marysa Parrott','1996-10-14','https://robohash.org/deseruntadipisciet.png?size=50x50&set=set1','84439 Forest Run Alley',7797827742,NULL,'mparrott1g@seesaa.net',NULL,NULL,NULL,NULL,NULL),(54,'63645-140','Moria Labat','1997-01-20','https://robohash.org/perferendisomnisquis.png?size=50x50&set=set1','84999 Nancy Trail',6504526775,NULL,'mlabat1h@php.net',NULL,NULL,NULL,NULL,NULL),(55,'43742-0104','Hallsy Avis','1989-09-02','https://robohash.org/ducimusreprehenderitquas.png?size=50x50&set=set1','65 Ridgeway Junction',9404241053,NULL,'havis1i@about.com',NULL,NULL,NULL,NULL,NULL),(56,'49035-170','Vaclav Clemetts','2012-09-21','https://robohash.org/etestet.png?size=50x50&set=set1','2 Gina Parkway',7299350046,NULL,'vclemetts1j@geocities.jp',NULL,NULL,NULL,NULL,NULL),(57,'59779-344','Chiarra Sayer','1983-03-01','https://robohash.org/enimquinobis.png?size=50x50&set=set1','09579 Pankratz Junction',7297657158,NULL,'csayer1k@shinystat.com',NULL,NULL,NULL,NULL,NULL),(58,'49702-205','Lolita Calverley','2001-11-06','https://robohash.org/perspiciatisdeseruntet.png?size=50x50&set=set1','018 Brown Court',1957207625,NULL,'lcalverley1l@cam.ac.uk',NULL,NULL,NULL,NULL,NULL),(59,'41163-503','Blythe Redwall','1990-12-29','https://robohash.org/veritatisarchitectoad.png?size=50x50&set=set1','63 Mcguire Park',2332661415,NULL,'bredwall1m@paypal.com',NULL,NULL,NULL,NULL,NULL),(60,'54868-6321','Josy Broadbear','1990-10-31','https://robohash.org/velnecessitatibusnulla.png?size=50x50&set=set1','09347 Delaware Terrace',6348042475,NULL,'jbroadbear1n@goo.gl',NULL,NULL,NULL,NULL,NULL),(61,NULL,'new ctv','2023-03-15','','sdfsdfsd',123123,'dsfsdfsd','dsf@email.com',NULL,NULL,'2023-03-13 00:42:26','2023-03-13 00:42:26','active'),(62,NULL,'newly made','1949-03-16','','hello Ha Noif',9123126788,'dfdf.facebook.vn','newmade@email.com',NULL,NULL,'2023-03-13 00:46:09','2023-03-13 00:46:09','active');
/*!40000 ALTER TABLE `affiliate` ENABLE KEYS */;
UNLOCK TABLES;

--
-- Table structure for table `comments`
--

DROP TABLE IF EXISTS `comments`;
/*!40101 SET @saved_cs_client     = @@character_set_client */;
/*!50503 SET character_set_client = utf8mb4 */;
CREATE TABLE `comments` (
  `id` int NOT NULL AUTO_INCREMENT,
  `lesson_id` int DEFAULT NULL,
  `course_id` int DEFAULT NULL,
  `user_id` int DEFAULT NULL,
  `content` varchar(500) DEFAULT NULL,
  `status` varchar(20) DEFAULT NULL,
  `created_by` varchar(50) DEFAULT NULL,
  `last_modified_by` varchar(50) DEFAULT NULL,
  `created_at` timestamp NULL DEFAULT NULL,
  `last_modified_at` timestamp NULL DEFAULT NULL,
  PRIMARY KEY (`id`),
  KEY `lesson_idx` (`lesson_id`),
  KEY `course_idx` (`course_id`),
  KEY `user_idx` (`user_id`),
  CONSTRAINT `course_id_cm` FOREIGN KEY (`course_id`) REFERENCES `course` (`id`),
  CONSTRAINT `lesson_id_cm` FOREIGN KEY (`lesson_id`) REFERENCES `lesson` (`id`),
  CONSTRAINT `user_id_cm` FOREIGN KEY (`user_id`) REFERENCES `user_account` (`id`)
) ENGINE=InnoDB DEFAULT CHARSET=utf8mb4 COLLATE=utf8mb4_0900_ai_ci;
/*!40101 SET character_set_client = @saved_cs_client */;

--
-- Dumping data for table `comments`
--

LOCK TABLES `comments` WRITE;
/*!40000 ALTER TABLE `comments` DISABLE KEYS */;
/*!40000 ALTER TABLE `comments` ENABLE KEYS */;
UNLOCK TABLES;

--
-- Table structure for table `coupon`
--

DROP TABLE IF EXISTS `coupon`;
/*!40101 SET @saved_cs_client     = @@character_set_client */;
/*!50503 SET character_set_client = utf8mb4 */;
CREATE TABLE `coupon` (
  `id` int NOT NULL AUTO_INCREMENT,
  `affiliate_id` int DEFAULT NULL,
  `status` varchar(50) DEFAULT NULL,
  `created_by` varchar(50) DEFAULT NULL,
  `last_modified_by` varchar(50) DEFAULT NULL,
  `created_at` timestamp NULL DEFAULT NULL,
  `last_modified_at` timestamp NULL DEFAULT NULL,
  `coupon_code` varchar(45) NOT NULL,
  `use_time` int DEFAULT NULL,
  PRIMARY KEY (`id`),
  UNIQUE KEY `coupon_code_UNIQUE` (`coupon_code`),
  KEY `coupon_aff` (`affiliate_id`),
  CONSTRAINT `coupon_a` FOREIGN KEY (`affiliate_id`) REFERENCES `affiliate` (`id`)
) ENGINE=InnoDB AUTO_INCREMENT=18 DEFAULT CHARSET=utf8mb4 COLLATE=utf8mb4_0900_ai_ci;
/*!40101 SET character_set_client = @saved_cs_client */;

--
-- Dumping data for table `coupon`
--

LOCK TABLES `coupon` WRITE;
/*!40000 ALTER TABLE `coupon` DISABLE KEYS */;
INSERT INTO `coupon` VALUES (1,4,'active',NULL,NULL,'2023-03-05 01:05:09','2023-03-05 01:05:09','1234',1),(2,4,'active',NULL,NULL,'2023-03-05 01:07:41','2023-03-05 01:07:41','12345',0),(3,4,'active',NULL,NULL,'2023-03-05 01:10:59','2023-03-05 01:10:59','12342312',0),(4,4,'active',NULL,NULL,'2023-03-05 01:11:59','2023-03-05 01:11:59','123',0),(5,4,'active',NULL,NULL,'2023-03-05 01:12:26','2023-03-05 01:12:26','12323',0),(6,4,'active',NULL,NULL,'2023-03-05 01:13:19','2023-03-05 01:13:19','23',0),(7,4,'active',NULL,NULL,'2023-03-05 01:14:53','2023-03-05 01:14:53','23123',0),(8,1,'active',NULL,NULL,'2023-03-05 01:32:31','2023-03-05 01:32:31','newCoupon',1),(9,2,'active',NULL,NULL,'2023-03-07 09:54:37','2023-03-07 09:54:37','affCoupon',0),(10,1,'active',NULL,NULL,'2023-03-12 18:59:35','2023-03-12 18:59:35','coupon-moi',1),(11,3,'active',NULL,NULL,'2023-03-13 20:21:22','2023-03-13 20:21:22','new-coupon',1),(12,3,'active',NULL,NULL,'2023-03-14 05:56:16','2023-03-14 05:56:16','test-coupon',0),(13,1,'active',NULL,NULL,'2023-03-14 06:51:41','2023-03-14 06:51:41','test-coupon-moi',0),(14,1,'active',NULL,NULL,'2023-03-14 07:17:56','2023-03-14 07:17:56','ma-coupon-moi',0),(15,1,'active',NULL,NULL,'2023-03-14 07:22:22','2023-03-14 07:22:22','coupon-123',1),(16,1,'active',NULL,NULL,'2023-03-14 07:36:42','2023-03-14 07:36:42','coupon-test',0),(17,1,'active',NULL,NULL,'2023-03-14 07:45:43','2023-03-14 07:45:43','coupon-1-test',1);
/*!40000 ALTER TABLE `coupon` ENABLE KEYS */;
UNLOCK TABLES;

--
-- Table structure for table `course`
--

DROP TABLE IF EXISTS `course`;
/*!40101 SET @saved_cs_client     = @@character_set_client */;
/*!50503 SET character_set_client = utf8mb4 */;
CREATE TABLE `course` (
  `id` int NOT NULL AUTO_INCREMENT,
  `teacher_id` int DEFAULT NULL,
  `name` varchar(100) CHARACTER SET utf8mb4 COLLATE utf8mb4_0900_ai_ci DEFAULT NULL,
  `description` varchar(2000) CHARACTER SET utf8mb4 COLLATE utf8mb4_0900_ai_ci DEFAULT NULL,
  `introduction` varchar(500) CHARACTER SET utf8mb4 COLLATE utf8mb4_0900_ai_ci DEFAULT NULL,
  `price` int DEFAULT NULL,
  `status` varchar(20) CHARACTER SET utf8mb4 COLLATE utf8mb4_0900_ai_ci DEFAULT NULL,
  `created_by` varchar(50) CHARACTER SET utf8mb4 COLLATE utf8mb4_0900_ai_ci DEFAULT NULL,
  `last_modified_by` varchar(50) CHARACTER SET utf8mb4 COLLATE utf8mb4_0900_ai_ci DEFAULT NULL,
  `created_at` timestamp NULL DEFAULT NULL,
  `last_modified_at` timestamp NULL DEFAULT NULL,
  `cover` varchar(300) CHARACTER SET utf8mb4 COLLATE utf8mb4_0900_ai_ci DEFAULT NULL,
  `link` varchar(200) CHARACTER SET utf8mb4 COLLATE utf8mb4_0900_ai_ci DEFAULT NULL,
  `type_id` int DEFAULT NULL,
  `rating` double DEFAULT NULL,
  PRIMARY KEY (`id`),
  KEY `teacher_idx` (`teacher_id`),
  KEY `course_type` (`type_id`),
  CONSTRAINT `course_type` FOREIGN KEY (`type_id`) REFERENCES `type` (`id`),
  CONSTRAINT `teacher_id` FOREIGN KEY (`teacher_id`) REFERENCES `teacher` (`id`)
) ENGINE=InnoDB AUTO_INCREMENT=97 DEFAULT CHARSET=utf8mb3;
/*!40101 SET character_set_client = @saved_cs_client */;

--
-- Dumping data for table `course`
--

LOCK TABLES `course` WRITE;
/*!40000 ALTER TABLE `course` DISABLE KEYS */;
INSERT INTO `course` VALUES (1,1,'Learn more about pRe','<p>Học thêm về phần mềm pRE</p>',NULL,100000,'active',NULL,NULL,'2022-01-04 17:00:00','2023-03-14 06:13:49','https://firebasestorage.googleapis.com/v0/b/web-elear.appspot.com/o/files%2FCapture001.png?alt=media&token=46359626-67f5-41ff-849b-f577d51c0b05','https://www.youtube.com/embed/RGOj5yH7evk',3,0),(2,2,'Photoshop','Học thêm về photoshop',NULL,200000,'active',NULL,NULL,NULL,NULL,'','https://www.youtube.com/embed/fvrSTJwBFuY',1,3.5),(3,1,'Learn more about CLI, GIT','Tìm hiểu về git',NULL,50000,'active',NULL,NULL,NULL,NULL,'','https://www.youtube.com/embed/QE_mkDiu4hE',4,4.6),(4,1,'Hoc ve chung khoan','Chứng khoán Việt Nam',NULL,30000,'active',NULL,NULL,NULL,NULL,'','https://www.youtube.com/embed/79PcuA8Pk9c',1,3.8),(5,3,'Ghep anh chuyen nghiep voi Photoshop','Học ghép ảnh, thiết kế ảnh đẹp, hấp dẫn, thỏa sức ghép ảnh với thần tượng hay xuất hiện trong các bộ phim nổi tiếng Hollywood. Khoá học sẽ hướng dẫn chi tiết bạn cách cắt ghép cách blend màu và ánh sáng, tạo bóng sao cho bức ảnh trông thật nhất và chuyên nghiệp thỏa sức đam mê ghép hình. ','Học ghép ảnh, thiết kế ảnh đẹp, hấp dẫn, thỏa sức ghép ảnh với thần tượng hay xuất hiện trong các bộ phim nổi tiếng Hollywood. Khoá học sẽ hướng dẫn chi tiết bạn cách cắt ghép cách blend màu và ánh sáng, tạo bóng sao cho bức ảnh trông thật nhất và chuyên nghiệp thỏa sức đam mê ghép hình. ',700000,'active',NULL,NULL,NULL,NULL,'','https://www.youtube.com/embed/YmsmBwK4Efw',2,3.5),(6,6,'Hoc Autocad co ban cho den nang cao','<p>Khóa học Autocad Online cơ bản đến nâng cao cùng giảng viên Cầm Hải Phương với nhiều năm kinh nghiệm sẽ giúp bạn nắm vững được toàn bộ kiến thức cơ bản nhất</p>','Khóa học Autocad Online cơ bản đến nâng cao cùng giảng viên Cầm Hải Phương với nhiều năm kinh nghiệm sẽ giúp bạn nắm vững được toàn bộ kiến thức cơ bản nhất ',250000,'active',NULL,NULL,NULL,'2023-03-13 02:00:29','','https://www.youtube.com/embed/VtLXKU1PpRU',3,NULL),(7,1,'Web scraping with Python',NULL,NULL,400000,'active',NULL,NULL,NULL,NULL,NULL,NULL,3,4.4),(8,2,'Logo Design Masterclass: Learn Logo Design and Illustrator',NULL,NULL,500000,'active',NULL,NULL,NULL,NULL,NULL,NULL,1,4.4),(9,2,'Adobe Illustrator CC Mastery: Zero to Hero in Illustrator',NULL,NULL,100000,'active',NULL,NULL,NULL,NULL,NULL,NULL,1,3.7),(10,3,'Adobe Illustrator Advanced Vector Artwork',NULL,NULL,650000,'active',NULL,NULL,NULL,NULL,NULL,NULL,1,3.3),(11,3,'Photoshop Beginners Mastery: Zero to Hero in Photoshop',NULL,NULL,770000,'active',NULL,NULL,NULL,NULL,'https://firebasestorage.googleapis.com/v0/b/web-elear.appspot.com/o/files%2FCapture.PNG?alt=media&token=83d9cf1c-bb8e-4dba-a23a-6b6a2079e7cd',NULL,1,3.7),(12,4,'The complete AutoCAD 2018-21 course',NULL,NULL,100000,'active',NULL,NULL,NULL,NULL,NULL,NULL,1,2.8),(13,4,'AutoCAD 2021 Complete Course - Practical Approach',NULL,NULL,340000,'active',NULL,NULL,NULL,NULL,NULL,NULL,1,3.5),(14,4,'72 AutoCAD 2D & 3D Drawings and Practical Projects',NULL,NULL,370000,'active',NULL,NULL,NULL,NULL,NULL,NULL,1,3.3),(15,5,'These 5 Productivity Hacks Will Change the Way You Work',NULL,NULL,100000,'active',NULL,NULL,NULL,NULL,NULL,NULL,9,4.5),(16,6,'Become a SpeedDemon 1: Productivity Tricks to Have More Time',NULL,NULL,770000,'active',NULL,NULL,NULL,NULL,NULL,NULL,9,3.8),(17,6,'SUPERHUMAN Productivity 10X: The Secret Skill Of Performance',NULL,NULL,400000,'active',NULL,NULL,NULL,NULL,NULL,NULL,9,4.5),(18,6,'Time Management Secrets For Busy People',NULL,NULL,800000,'active',NULL,NULL,NULL,NULL,NULL,NULL,9,4.2),(19,7,'Learn Guitar in 21 Days',NULL,NULL,230000,'active',NULL,NULL,NULL,NULL,'https://firebasestorage.googleapis.com/v0/b/web-elear.appspot.com/o/files%2Flearn_guitar.PNG?alt=media&token=ac3eb4c0-b284-4e58-896b-071c71d9c9c0',NULL,5,4),(20,7,'Complete Guitar Lessons System - Beginner to Advanced',NULL,NULL,650000,'active',NULL,NULL,NULL,NULL,NULL,NULL,5,4),(21,7,'Acoustic Guitar and Electric Guitar Lessons: Getting Started',NULL,NULL,123000,'active',NULL,NULL,NULL,NULL,NULL,NULL,5,3.3),(22,8,'Learn to Play Saxophone: Beginner to Pro in Under Four Hours',NULL,NULL,770000,'active',NULL,NULL,NULL,NULL,NULL,NULL,5,4.3),(23,8,'Learn to Play the Trumpet: Beginner to Pro Made the Easy Way',NULL,NULL,400000,'active',NULL,NULL,NULL,NULL,NULL,NULL,5,4.5),(24,8,'Learn to Play the Flute: Beginner Basics to Intermediate',NULL,NULL,1000000,'active',NULL,NULL,NULL,NULL,NULL,NULL,5,4),(25,8,'Learn to Play Clarinet: Beginner to Pro in Under Five Hours',NULL,NULL,660000,'active',NULL,NULL,NULL,NULL,NULL,NULL,5,5),(26,8,'Learn To Play The Drums',NULL,NULL,100000,'active',NULL,NULL,NULL,NULL,NULL,NULL,5,2.4),(27,9,'Portrait Photography: Share with Joy!',NULL,NULL,800000,'active',NULL,NULL,NULL,NULL,NULL,NULL,10,2),(28,9,'Beginner Nikon Digital SLR (DSLR) Photography',NULL,NULL,370000,'active',NULL,NULL,NULL,NULL,NULL,NULL,10,4),(29,9,'iPhone Photography | Take Professional Photos On Your iPhone',NULL,NULL,400000,'active',NULL,NULL,NULL,NULL,NULL,NULL,10,4.2),(30,9,'Photography - The Ultimate Guide to Using Off-Camera Flash',NULL,NULL,550000,'active',NULL,NULL,NULL,NULL,NULL,NULL,10,3.4),(31,9,'Affinity Photo for the iPad',NULL,NULL,650000,'active',NULL,NULL,NULL,NULL,NULL,NULL,10,2.8),(32,10,'Permanent makeup full LIPS masterclass',NULL,NULL,580000,'active',NULL,NULL,NULL,NULL,'https://firebasestorage.googleapis.com/v0/b/web-elear.appspot.com/o/files%2Ffull_lips.PNG?alt=media&token=496e05b9-8872-4eda-8fe8-2cea11fdb063',NULL,7,3.7),(33,11,'The Ultimate Eyelash Extension Course',NULL,NULL,400000,'active',NULL,NULL,NULL,NULL,NULL,NULL,7,4),(34,12,'Social Media Marketing MASTERY 2023 | Ads on 10+ Platforms',NULL,NULL,110000,'active',NULL,NULL,NULL,NULL,NULL,NULL,4,4.5),(35,13,'How To Build A Brand On Social Media!',NULL,NULL,280000,'active',NULL,NULL,NULL,NULL,'https://firebasestorage.googleapis.com/v0/b/web-elear.appspot.com/o/files%2Fbuild_brand.PNG?alt=media&token=80c64a86-a038-4d95-b551-d78feabe8601',NULL,4,4.7),(36,14,'Ultimate SEO, Social Media, & Digital Marketing Course 2023','',NULL,720000,'active',NULL,NULL,NULL,NULL,NULL,NULL,4,4),(37,5,'Quản trị mạng',NULL,NULL,0,'active',NULL,NULL,NULL,NULL,NULL,NULL,2,4),(38,5,'Kỹ năng mềm',NULL,NULL,0,'active',NULL,NULL,NULL,NULL,NULL,NULL,6,4.7),(39,5,'Tâm lý học ứng dụng',NULL,NULL,0,'active',NULL,NULL,NULL,NULL,NULL,NULL,9,4.5),(40,5,'Thuật toán ứng dụng',NULL,NULL,0,'active',NULL,NULL,NULL,NULL,NULL,NULL,3,4),(41,5,'Kinh tế học vĩ mô đại cương',NULL,NULL,0,'active',NULL,NULL,NULL,NULL,NULL,NULL,4,4),(42,5,'Pháp luật đại cương',NULL,NULL,0,'active',NULL,NULL,NULL,NULL,NULL,NULL,9,4.6),(43,5,'Nguyên lý marketing',NULL,NULL,0,'active',NULL,NULL,NULL,NULL,NULL,NULL,4,4),(44,5,'Thống kê ứng dụng',NULL,NULL,0,'active',NULL,NULL,NULL,NULL,NULL,NULL,3,3.3),(45,5,'Hệ thống thông tin quản lý',NULL,NULL,0,'acitve',NULL,NULL,NULL,NULL,NULL,NULL,2,4.55),(46,5,'Tin học đại cương',NULL,NULL,0,'active',NULL,NULL,NULL,NULL,NULL,NULL,2,4.3),(47,5,'Technical Writing and Presentation',NULL,NULL,0,'active',NULL,NULL,NULL,NULL,NULL,NULL,6,4.8),(84,4,'khoa hoc moi','<h1>Khoa hoc moi</h1><p>lorem ipsum khoa hoc moi</p>','12312',10000,'active ',NULL,NULL,NULL,NULL,'https://firebasestorage.googleapis.com/v0/b/web-elear.appspot.com/o/files%2Fsaad.PNG?alt=media&token=382c0801-ec33-4e40-a865-0bd1d2bc67f7',NULL,2,0),(85,85,'Học chụp ảnh với điện thoại iphone','<p>hi this is new</p>','hello',123000,'active',NULL,NULL,NULL,'2023-03-13 02:01:04','https://firebasestorage.googleapis.com/v0/b/web-elear.appspot.com/o/files%2Fsaad.PNG?alt=media&token=487e778a-c3b4-4228-8744-1ef076413c15',NULL,2,0),(87,4,'Học thêm về chụp ảnh','','69806897',890887,'active',NULL,NULL,'2023-03-13 02:03:55','2023-03-13 02:03:55','','dsf',1,0),(90,4,'Kiến thức về Photoshop',NULL,NULL,20000,'active',NULL,NULL,'2023-03-13 02:22:11','2023-03-13 02:22:11','',NULL,1,0),(91,4,'Mở rộng kiến thức','<p>fdsfsdfsdfsdfdsf</p>',NULL,123123,'active',NULL,NULL,'2023-03-13 02:28:17','2023-03-13 02:30:32','','sfdsfdsf',9,0),(92,3,'Khoa hoc moi','<h1>Khoa hoc moi </h1><h3>Ha Noi </h3>','Khoa hoc moi',100000,'active',NULL,NULL,'2023-03-13 20:27:41','2023-03-13 20:27:41','https://firebasestorage.googleapis.com/v0/b/web-elear.appspot.com/o/files%2FDev_environment.PNG?alt=media&token=cc3cae8f-12bf-47fe-9c80-7d304191d6cb',NULL,2,0),(94,1,'Khoa hoc moi','',NULL,10000,'active',NULL,NULL,'2023-03-14 07:24:20','2023-03-14 07:24:20','https://firebasestorage.googleapis.com/v0/b/web-elear.appspot.com/o/files%2Frick_.jpg?alt=media&token=c244bc9c-5435-41bf-a740-60d726f2b1fc',NULL,1,0),(95,1,'Khoa hoc moi','<p>Khoa hoc moi</p>',NULL,100000,'active',NULL,NULL,'2023-03-14 07:36:28','2023-03-14 07:36:28','',NULL,3,0),(96,1,'Khoa hoc test','','Test k',150000,'active',NULL,NULL,'2023-03-14 07:45:29','2023-03-14 07:45:29','https://firebasestorage.googleapis.com/v0/b/web-elear.appspot.com/o/files%2Frick_.jpg?alt=media&token=bb04a03d-3543-4ec8-94ff-700066d38fac',NULL,NULL,0);
/*!40000 ALTER TABLE `course` ENABLE KEYS */;
UNLOCK TABLES;

--
-- Table structure for table `course_confirm`
--

DROP TABLE IF EXISTS `course_confirm`;
/*!40101 SET @saved_cs_client     = @@character_set_client */;
/*!50503 SET character_set_client = utf8mb4 */;
CREATE TABLE `course_confirm` (
  `id` int NOT NULL AUTO_INCREMENT,
  `course_id` int DEFAULT NULL,
  `teacher_id` int DEFAULT NULL,
  `status` varchar(50) DEFAULT NULL,
  `created_by` varchar(50) DEFAULT NULL,
  `last_modified_by` varchar(50) DEFAULT NULL,
  `created_at` timestamp NULL DEFAULT NULL,
  `last_modified_at` timestamp NULL DEFAULT NULL,
  PRIMARY KEY (`id`),
  KEY `course_id_c` (`course_id`),
  KEY `teacher_id_t` (`teacher_id`),
  CONSTRAINT `course_id_ct` FOREIGN KEY (`course_id`) REFERENCES `course` (`id`),
  CONSTRAINT `teacher_id_ct` FOREIGN KEY (`teacher_id`) REFERENCES `teacher` (`id`)
) ENGINE=InnoDB DEFAULT CHARSET=utf8mb4 COLLATE=utf8mb4_0900_ai_ci;
/*!40101 SET character_set_client = @saved_cs_client */;

--
-- Dumping data for table `course_confirm`
--

LOCK TABLES `course_confirm` WRITE;
/*!40000 ALTER TABLE `course_confirm` DISABLE KEYS */;
/*!40000 ALTER TABLE `course_confirm` ENABLE KEYS */;
UNLOCK TABLES;

--
-- Table structure for table `course_rating`
--

DROP TABLE IF EXISTS `course_rating`;
/*!40101 SET @saved_cs_client     = @@character_set_client */;
/*!50503 SET character_set_client = utf8mb4 */;
CREATE TABLE `course_rating` (
  `id` int NOT NULL AUTO_INCREMENT,
  `course_id` int DEFAULT NULL,
  `content` varchar(500) DEFAULT NULL,
  `value` int DEFAULT NULL,
  `status` varchar(20) DEFAULT NULL,
  `created_by` varchar(50) DEFAULT NULL,
  `last_modified_by` varchar(50) DEFAULT NULL,
  `created_at` timestamp NULL DEFAULT NULL,
  `last_modified_at` timestamp NULL DEFAULT NULL,
  `student_id` int DEFAULT NULL,
  PRIMARY KEY (`id`),
  KEY `course_idx` (`course_id`),
  KEY `student_id_tr` (`student_id`),
  CONSTRAINT `course_id_r` FOREIGN KEY (`course_id`) REFERENCES `course` (`id`),
  CONSTRAINT `student_id_tr` FOREIGN KEY (`student_id`) REFERENCES `student` (`id`)
) ENGINE=InnoDB AUTO_INCREMENT=667 DEFAULT CHARSET=utf8mb4 COLLATE=utf8mb4_0900_ai_ci;
/*!40101 SET character_set_client = @saved_cs_client */;

--
-- Dumping data for table `course_rating`
--

LOCK TABLES `course_rating` WRITE;
/*!40000 ALTER TABLE `course_rating` DISABLE KEYS */;
INSERT INTO `course_rating` VALUES (1,1,'Good',5,NULL,NULL,NULL,NULL,NULL,1),(2,4,'Nice',5,NULL,NULL,NULL,NULL,NULL,1),(3,1,'Khong tot',3,NULL,NULL,NULL,NULL,NULL,2),(4,2,'Khoa hoc cai thien nhieu ki nang.',5,NULL,NULL,NULL,NULL,NULL,2),(5,2,'De hieu',5,NULL,NULL,NULL,NULL,NULL,4),(6,4,'Khoa hoc cam giac nang ve li thuyet nhieu va it co bai tap vi du de thuc hanh',3,NULL,NULL,NULL,NULL,NULL,2),(7,3,'Hay!',5,NULL,NULL,NULL,NULL,NULL,5),(8,5,NULL,5,NULL,NULL,NULL,NULL,NULL,1),(9,2,NULL,3,NULL,NULL,NULL,NULL,NULL,1),(10,3,NULL,5,NULL,NULL,NULL,NULL,NULL,1),(12,10,NULL,1,NULL,NULL,NULL,NULL,NULL,1),(13,21,NULL,1,NULL,NULL,NULL,NULL,NULL,1),(14,3,NULL,5,NULL,NULL,NULL,NULL,NULL,2),(15,7,NULL,4,NULL,NULL,NULL,NULL,NULL,2),(16,4,NULL,4,NULL,NULL,NULL,NULL,NULL,2),(17,5,NULL,4,NULL,NULL,NULL,NULL,NULL,2),(18,8,NULL,5,NULL,NULL,NULL,NULL,NULL,2),(19,9,NULL,2,NULL,NULL,NULL,NULL,NULL,2),(20,11,NULL,1,NULL,NULL,NULL,NULL,NULL,3),(21,12,NULL,1,NULL,NULL,NULL,NULL,NULL,3),(22,13,NULL,5,NULL,NULL,NULL,NULL,NULL,3),(23,15,NULL,4,NULL,NULL,NULL,NULL,NULL,3),(24,14,NULL,5,NULL,NULL,NULL,NULL,NULL,3),(25,10,NULL,3,NULL,NULL,NULL,NULL,NULL,3),(26,14,NULL,3,NULL,NULL,NULL,NULL,NULL,4),(27,12,NULL,3,NULL,NULL,NULL,NULL,NULL,4),(28,11,NULL,3,NULL,NULL,NULL,NULL,NULL,4),(29,1,NULL,1,NULL,NULL,NULL,NULL,NULL,4),(30,2,NULL,5,NULL,NULL,NULL,NULL,NULL,4),(31,9,NULL,1,NULL,NULL,NULL,NULL,NULL,4),(32,8,NULL,5,NULL,NULL,NULL,NULL,NULL,5),(33,7,NULL,5,NULL,NULL,NULL,NULL,NULL,5),(34,20,NULL,5,NULL,NULL,NULL,NULL,NULL,5),(35,22,NULL,5,NULL,NULL,NULL,NULL,NULL,5),(36,21,NULL,4,NULL,NULL,NULL,NULL,NULL,5),(37,29,NULL,4,NULL,NULL,NULL,NULL,NULL,5),(38,24,NULL,4,NULL,NULL,NULL,NULL,NULL,5),(39,30,NULL,3,NULL,NULL,NULL,NULL,NULL,6),(40,32,NULL,3,NULL,NULL,NULL,NULL,NULL,6),(41,36,NULL,3,NULL,NULL,NULL,NULL,NULL,6),(42,31,NULL,3,NULL,NULL,NULL,NULL,NULL,6),(43,33,NULL,3,NULL,NULL,NULL,NULL,NULL,6),(44,36,NULL,3,NULL,NULL,NULL,NULL,NULL,6),(45,1,NULL,3,NULL,NULL,NULL,NULL,NULL,6),(46,2,NULL,1,NULL,NULL,NULL,NULL,NULL,7),(47,5,NULL,1,NULL,NULL,NULL,NULL,NULL,7),(48,7,NULL,2,NULL,NULL,NULL,NULL,NULL,7),(49,9,NULL,3,NULL,NULL,NULL,NULL,NULL,7),(50,10,NULL,2,NULL,NULL,NULL,NULL,NULL,7),(51,12,NULL,4,NULL,NULL,NULL,NULL,NULL,7),(52,23,NULL,4,NULL,NULL,NULL,NULL,NULL,7),(53,21,NULL,5,NULL,NULL,NULL,NULL,NULL,8),(54,26,NULL,5,NULL,NULL,NULL,NULL,NULL,8),(55,2,NULL,3,NULL,NULL,NULL,NULL,NULL,8),(56,18,NULL,5,NULL,NULL,NULL,NULL,NULL,8),(57,19,NULL,2,NULL,NULL,NULL,NULL,NULL,8),(58,22,NULL,5,NULL,NULL,NULL,NULL,NULL,8),(59,26,NULL,1,NULL,NULL,NULL,NULL,NULL,9),(60,27,NULL,2,NULL,NULL,NULL,NULL,NULL,9),(61,30,NULL,1,NULL,NULL,NULL,NULL,NULL,9),(62,31,NULL,1,NULL,NULL,NULL,NULL,NULL,9),(63,36,NULL,3,NULL,NULL,NULL,NULL,NULL,9),(64,1,NULL,4,NULL,NULL,NULL,NULL,NULL,10),(65,2,NULL,4,NULL,NULL,NULL,NULL,NULL,10),(66,6,NULL,3,NULL,NULL,NULL,NULL,NULL,10),(67,7,NULL,5,NULL,NULL,NULL,NULL,NULL,10),(68,8,NULL,3,NULL,NULL,NULL,NULL,NULL,10),(69,19,NULL,4,NULL,NULL,NULL,NULL,NULL,10),(70,11,NULL,5,NULL,NULL,NULL,NULL,NULL,11),(71,14,NULL,1,NULL,NULL,NULL,NULL,NULL,11),(72,16,NULL,2,NULL,NULL,NULL,NULL,NULL,11),(73,15,NULL,4,NULL,NULL,NULL,NULL,NULL,11),(74,10,NULL,4,NULL,NULL,NULL,NULL,NULL,11),(75,21,NULL,5,NULL,NULL,NULL,NULL,NULL,12),(76,22,NULL,5,NULL,NULL,NULL,NULL,NULL,12),(77,25,NULL,5,NULL,NULL,NULL,NULL,NULL,12),(78,26,NULL,1,NULL,NULL,NULL,NULL,NULL,12),(79,28,NULL,3,NULL,NULL,NULL,NULL,NULL,12),(80,29,NULL,3,NULL,NULL,NULL,NULL,NULL,12),(81,31,NULL,3,NULL,NULL,NULL,NULL,NULL,12),(82,32,NULL,2,NULL,NULL,NULL,NULL,NULL,13),(83,33,NULL,4,NULL,NULL,NULL,NULL,NULL,13),(84,34,NULL,5,NULL,NULL,NULL,NULL,NULL,13),(85,36,NULL,5,NULL,NULL,NULL,NULL,NULL,13),(86,35,NULL,4,NULL,NULL,NULL,NULL,NULL,13),(87,5,NULL,2,NULL,NULL,NULL,NULL,NULL,13),(88,6,NULL,4,NULL,NULL,NULL,NULL,NULL,13),(89,9,NULL,4,NULL,NULL,NULL,NULL,NULL,14),(90,11,NULL,4,NULL,NULL,NULL,NULL,NULL,14),(91,13,NULL,5,NULL,NULL,NULL,NULL,NULL,14),(92,16,NULL,5,NULL,NULL,NULL,NULL,NULL,14),(93,15,NULL,5,NULL,NULL,NULL,NULL,NULL,14),(94,12,NULL,1,NULL,NULL,NULL,NULL,NULL,14),(95,11,NULL,5,NULL,NULL,NULL,NULL,NULL,15),(96,19,NULL,5,NULL,NULL,NULL,NULL,NULL,15),(97,18,NULL,2,NULL,NULL,NULL,NULL,NULL,15),(98,20,NULL,2,NULL,NULL,NULL,NULL,NULL,15),(99,21,NULL,1,NULL,NULL,NULL,NULL,NULL,15),(100,26,NULL,2,NULL,NULL,NULL,NULL,NULL,15),(101,27,NULL,2,NULL,NULL,NULL,NULL,NULL,15),(102,30,NULL,3,NULL,NULL,NULL,NULL,NULL,15),(103,32,NULL,4,NULL,NULL,NULL,NULL,NULL,16),(104,2,NULL,5,NULL,NULL,NULL,NULL,NULL,16),(105,3,NULL,3,NULL,NULL,NULL,NULL,NULL,16),(106,5,NULL,4,NULL,NULL,NULL,NULL,NULL,16),(107,6,NULL,4,NULL,NULL,NULL,NULL,NULL,16),(108,8,NULL,5,NULL,NULL,NULL,NULL,NULL,16),(109,9,NULL,5,NULL,NULL,NULL,NULL,NULL,16),(110,12,NULL,2,NULL,NULL,NULL,NULL,NULL,17),(111,14,NULL,3,NULL,NULL,NULL,NULL,NULL,17),(112,18,NULL,5,NULL,NULL,NULL,NULL,NULL,17),(113,21,NULL,4,NULL,NULL,NULL,NULL,NULL,17),(114,23,NULL,5,NULL,NULL,NULL,NULL,NULL,17),(115,25,NULL,5,NULL,NULL,NULL,NULL,NULL,17),(116,21,NULL,4,NULL,NULL,NULL,NULL,NULL,18),(117,22,NULL,5,NULL,NULL,NULL,NULL,NULL,18),(118,11,NULL,4,NULL,NULL,NULL,NULL,NULL,18),(119,16,NULL,5,NULL,NULL,NULL,NULL,NULL,18),(120,18,NULL,4,NULL,NULL,NULL,NULL,NULL,18),(121,9,NULL,5,NULL,NULL,NULL,NULL,NULL,18),(122,6,NULL,4,NULL,NULL,NULL,NULL,NULL,18),(123,5,NULL,4,NULL,NULL,NULL,NULL,NULL,19),(124,7,NULL,5,NULL,NULL,NULL,NULL,NULL,19),(125,9,NULL,3,NULL,NULL,NULL,NULL,NULL,19),(126,11,NULL,1,NULL,NULL,NULL,NULL,NULL,19),(127,13,NULL,1,NULL,NULL,NULL,NULL,NULL,19),(128,15,NULL,5,NULL,NULL,NULL,NULL,NULL,19),(129,1,NULL,5,NULL,NULL,NULL,NULL,NULL,20),(130,2,NULL,3,NULL,NULL,NULL,NULL,NULL,20),(131,3,NULL,4,NULL,NULL,NULL,NULL,NULL,20),(132,8,NULL,4,NULL,NULL,NULL,NULL,NULL,20),(133,9,NULL,5,NULL,NULL,NULL,NULL,NULL,20),(134,11,NULL,5,NULL,NULL,NULL,NULL,NULL,20),(135,12,NULL,3,NULL,NULL,NULL,NULL,NULL,20),(136,2,NULL,1,NULL,NULL,NULL,NULL,NULL,21),(137,3,NULL,5,NULL,NULL,NULL,NULL,NULL,21),(138,5,NULL,5,NULL,NULL,NULL,NULL,NULL,21),(139,6,NULL,5,NULL,NULL,NULL,NULL,NULL,21),(140,22,NULL,4,NULL,NULL,NULL,NULL,NULL,21),(141,28,NULL,5,NULL,NULL,NULL,NULL,NULL,21),(142,21,NULL,1,NULL,NULL,NULL,NULL,NULL,22),(143,22,NULL,2,NULL,NULL,NULL,NULL,NULL,22),(144,26,NULL,1,NULL,NULL,NULL,NULL,NULL,22),(145,31,NULL,1,NULL,NULL,NULL,NULL,NULL,22),(146,32,NULL,5,NULL,NULL,NULL,NULL,NULL,22),(147,35,NULL,5,NULL,NULL,NULL,NULL,NULL,22),(148,36,NULL,5,NULL,NULL,NULL,NULL,NULL,22),(150,21,NULL,3,NULL,NULL,NULL,NULL,NULL,23),(151,22,NULL,4,NULL,NULL,NULL,NULL,NULL,23),(152,23,NULL,4,NULL,NULL,NULL,NULL,NULL,23),(153,26,NULL,3,NULL,NULL,NULL,NULL,NULL,23),(154,29,NULL,5,NULL,NULL,NULL,NULL,NULL,23),(155,30,NULL,5,NULL,NULL,NULL,NULL,NULL,23),(156,31,NULL,5,NULL,NULL,NULL,NULL,NULL,24),(157,32,NULL,3,NULL,NULL,NULL,NULL,NULL,24),(158,33,NULL,5,NULL,NULL,NULL,NULL,NULL,24),(159,34,NULL,4,NULL,NULL,NULL,NULL,NULL,24),(160,35,NULL,5,NULL,NULL,NULL,NULL,NULL,24),(161,36,NULL,5,NULL,NULL,NULL,NULL,NULL,24),(162,1,NULL,4,NULL,NULL,NULL,NULL,NULL,24),(163,2,NULL,5,NULL,NULL,NULL,NULL,NULL,25),(164,3,NULL,5,NULL,NULL,NULL,NULL,NULL,25),(165,5,NULL,4,NULL,NULL,NULL,NULL,NULL,25),(166,6,NULL,5,NULL,NULL,NULL,NULL,NULL,25),(167,7,NULL,5,NULL,NULL,NULL,NULL,NULL,25),(168,8,NULL,4,NULL,NULL,NULL,NULL,NULL,25),(169,9,NULL,5,NULL,NULL,NULL,NULL,NULL,25),(170,10,NULL,5,NULL,NULL,NULL,NULL,NULL,25),(171,12,NULL,4,NULL,NULL,NULL,NULL,NULL,25),(172,14,NULL,4,NULL,NULL,NULL,NULL,NULL,26),(173,16,NULL,4,NULL,NULL,NULL,NULL,NULL,26),(174,18,NULL,5,NULL,NULL,NULL,NULL,NULL,26),(175,17,NULL,5,NULL,NULL,NULL,NULL,NULL,26),(176,21,NULL,5,NULL,NULL,NULL,NULL,NULL,26),(177,22,NULL,5,NULL,NULL,NULL,NULL,NULL,26),(178,25,NULL,5,NULL,NULL,NULL,NULL,NULL,26),(179,29,NULL,5,NULL,NULL,NULL,NULL,NULL,26),(180,30,NULL,5,NULL,NULL,NULL,NULL,NULL,26),(181,4,NULL,3,NULL,NULL,NULL,NULL,NULL,27),(182,5,NULL,4,NULL,NULL,NULL,NULL,NULL,27),(183,8,NULL,5,NULL,NULL,NULL,NULL,NULL,27),(184,10,NULL,3,NULL,NULL,NULL,NULL,NULL,27),(185,14,NULL,3,NULL,NULL,NULL,NULL,NULL,27),(186,16,NULL,3,NULL,NULL,NULL,NULL,NULL,27),(187,17,NULL,4,NULL,NULL,NULL,NULL,NULL,27),(188,19,NULL,5,NULL,NULL,NULL,NULL,NULL,28),(189,20,NULL,5,NULL,NULL,NULL,NULL,NULL,28),(190,1,NULL,4,NULL,NULL,NULL,NULL,NULL,28),(191,2,NULL,3,NULL,NULL,NULL,NULL,NULL,28),(192,4,NULL,4,NULL,NULL,NULL,NULL,NULL,28),(193,6,NULL,5,NULL,NULL,NULL,NULL,NULL,28),(194,7,NULL,5,NULL,NULL,NULL,NULL,NULL,28),(195,10,NULL,5,NULL,NULL,NULL,NULL,NULL,28),(196,13,NULL,3,NULL,NULL,NULL,NULL,NULL,29),(197,14,NULL,4,NULL,NULL,NULL,NULL,NULL,29),(198,12,NULL,4,NULL,NULL,NULL,NULL,NULL,29),(199,11,NULL,5,NULL,NULL,NULL,NULL,NULL,29),(200,22,NULL,4,NULL,NULL,NULL,NULL,NULL,31),(201,23,NULL,5,NULL,NULL,NULL,NULL,NULL,30),(202,26,NULL,4,NULL,NULL,NULL,NULL,NULL,30),(203,28,NULL,4,NULL,NULL,NULL,NULL,NULL,30),(204,31,NULL,4,NULL,NULL,NULL,NULL,NULL,30),(205,32,NULL,5,NULL,NULL,NULL,NULL,NULL,30),(206,37,NULL,4,NULL,NULL,NULL,NULL,NULL,1),(207,37,NULL,5,NULL,NULL,NULL,NULL,NULL,2),(208,37,NULL,3,NULL,NULL,NULL,NULL,NULL,3),(209,38,NULL,4,NULL,NULL,NULL,NULL,NULL,2),(210,38,NULL,5,NULL,NULL,NULL,NULL,NULL,3),(211,38,NULL,5,NULL,NULL,NULL,NULL,NULL,5),(212,38,NULL,5,NULL,NULL,NULL,NULL,NULL,7),(213,38,NULL,5,NULL,NULL,NULL,NULL,NULL,10),(214,38,NULL,4,NULL,NULL,NULL,NULL,NULL,12),(215,38,NULL,5,NULL,NULL,NULL,NULL,NULL,15),(216,39,NULL,4,NULL,NULL,NULL,NULL,NULL,3),(217,39,NULL,4,NULL,NULL,NULL,NULL,NULL,8),(218,39,NULL,5,NULL,NULL,NULL,NULL,NULL,13),(219,39,NULL,5,NULL,NULL,NULL,NULL,NULL,21),(220,40,NULL,5,NULL,NULL,NULL,NULL,NULL,22),(221,40,NULL,4,NULL,NULL,NULL,NULL,NULL,25),(222,40,NULL,4,NULL,NULL,NULL,NULL,NULL,27),(223,40,NULL,3,NULL,NULL,NULL,NULL,NULL,32),(224,40,NULL,4,NULL,NULL,NULL,NULL,NULL,30),(225,41,NULL,4,NULL,NULL,NULL,NULL,NULL,1),(226,41,NULL,4,NULL,NULL,NULL,NULL,NULL,2),(227,42,NULL,5,NULL,NULL,NULL,NULL,NULL,4),(228,42,NULL,5,NULL,NULL,NULL,NULL,NULL,6),(229,42,NULL,5,NULL,NULL,NULL,NULL,NULL,8),(230,42,NULL,5,NULL,NULL,NULL,NULL,NULL,9),(231,42,NULL,4,NULL,NULL,NULL,NULL,NULL,11),(232,42,NULL,4,NULL,NULL,NULL,NULL,NULL,13),(233,43,NULL,5,NULL,NULL,NULL,NULL,NULL,15),(234,43,NULL,3,NULL,NULL,NULL,NULL,NULL,17),(235,43,NULL,4,NULL,NULL,NULL,NULL,NULL,21),(236,43,NULL,4,NULL,NULL,NULL,NULL,NULL,22),(237,44,NULL,2,NULL,NULL,NULL,NULL,NULL,23),(238,44,NULL,4,NULL,NULL,NULL,NULL,NULL,24),(239,44,NULL,4,NULL,NULL,NULL,NULL,NULL,28),(240,45,NULL,4,NULL,NULL,NULL,NULL,NULL,29),(241,45,NULL,5,NULL,NULL,NULL,NULL,NULL,31),(242,46,NULL,5,NULL,NULL,NULL,NULL,NULL,32),(243,46,NULL,4,NULL,NULL,NULL,NULL,NULL,1),(244,46,NULL,5,NULL,NULL,NULL,NULL,NULL,2),(245,46,NULL,5,NULL,NULL,NULL,NULL,NULL,5),(246,46,NULL,4,NULL,NULL,NULL,NULL,NULL,6),(247,46,NULL,2,NULL,NULL,NULL,NULL,NULL,7),(248,46,NULL,5,NULL,NULL,NULL,NULL,NULL,8),(249,47,NULL,4,NULL,NULL,NULL,NULL,NULL,13),(250,47,NULL,5,NULL,NULL,NULL,NULL,NULL,15),(251,47,NULL,5,NULL,NULL,NULL,NULL,NULL,22),(252,47,NULL,5,NULL,NULL,NULL,NULL,NULL,23),(253,47,NULL,5,NULL,NULL,NULL,NULL,NULL,25),(665,85,'Rating thử',5,'active',NULL,NULL,'2023-03-10 08:38:51','2023-03-10 08:38:51',1),(666,4,'Không biết chơi chứng khoán. Vào học xong có thêm kiến thức nhưng vẫn không chơi chứng khoán nổi :(',4,'active',NULL,NULL,'2023-03-10 09:23:14','2023-03-10 09:23:14',3);
/*!40000 ALTER TABLE `course_rating` ENABLE KEYS */;
UNLOCK TABLES;

--
-- Table structure for table `lesson`
--

DROP TABLE IF EXISTS `lesson`;
/*!40101 SET @saved_cs_client     = @@character_set_client */;
/*!50503 SET character_set_client = utf8mb4 */;
CREATE TABLE `lesson` (
  `id` int NOT NULL AUTO_INCREMENT,
  `course_id` int DEFAULT NULL,
  `name` varchar(100) DEFAULT NULL,
  `video_link` varchar(500) DEFAULT NULL,
  `content` varchar(3000) DEFAULT NULL,
  `introduction` varchar(500) DEFAULT NULL,
  `status` varchar(20) DEFAULT NULL,
  `created_by` varchar(50) DEFAULT NULL,
  `last_modified_by` varchar(50) DEFAULT NULL,
  `created_at` timestamp NULL DEFAULT NULL,
  `last_modified_at` timestamp NULL DEFAULT NULL,
  `lesson_num` int DEFAULT NULL,
  `locked` varchar(45) DEFAULT NULL,
  PRIMARY KEY (`id`),
  KEY `course_idx` (`course_id`),
  CONSTRAINT `course_id` FOREIGN KEY (`course_id`) REFERENCES `course` (`id`)
) ENGINE=InnoDB AUTO_INCREMENT=21 DEFAULT CHARSET=utf8mb4 COLLATE=utf8mb4_0900_ai_ci;
/*!40101 SET character_set_client = @saved_cs_client */;

--
-- Dumping data for table `lesson`
--

LOCK TABLES `lesson` WRITE;
/*!40000 ALTER TABLE `lesson` DISABLE KEYS */;
INSERT INTO `lesson` VALUES (1,1,'Mở đầu',NULL,'<p>Hello. This is a new course</p>',NULL,'active',NULL,NULL,NULL,'2023-03-14 06:13:49',1,'0'),(2,1,'Cài đặt',NULL,NULL,NULL,'active',NULL,NULL,NULL,'2023-03-14 06:13:49',2,'0'),(3,1,'Trọng tâm',NULL,NULL,NULL,'active',NULL,NULL,NULL,'2023-03-14 06:13:49',3,'0'),(4,1,'Kết thúc',NULL,NULL,NULL,'active',NULL,NULL,NULL,'2023-03-14 06:13:49',4,'0'),(5,2,'Tìm hiểu vấn đề',NULL,NULL,NULL,'active',NULL,NULL,NULL,NULL,1,'0'),(6,2,'Cài đặt công cụ cần thiết',NULL,NULL,NULL,'active',NULL,NULL,NULL,NULL,2,'0'),(7,2,'Mở đầu',NULL,NULL,NULL,'active',NULL,NULL,NULL,NULL,3,'0'),(8,3,'Giới thiệu khái quát',NULL,NULL,NULL,'active',NULL,NULL,NULL,NULL,1,'0'),(9,85,'Mo dau','','<p>Bai hoc mo dau. Quan trong</p>','',NULL,NULL,NULL,'2023-03-08 09:25:24','2023-03-13 02:01:04',1,'0'),(10,85,'Bai hoc thu 2','youtube.com','<p>Bai hoc thu 2</p>','New lesson',NULL,NULL,NULL,'2023-03-08 09:25:24','2023-03-13 02:01:04',2,'1'),(11,85,'bi 1','','<p>hello this is a new coures</p>','',NULL,NULL,NULL,'2023-03-08 18:57:22','2023-03-13 02:01:04',3,'0'),(12,85,'','','','',NULL,NULL,NULL,'2023-03-08 18:57:22','2023-03-13 02:01:04',4,'1'),(13,92,'Bài học mới','','<p>Bài học 1</p>','bài học mới',NULL,NULL,NULL,'2023-03-13 20:27:41','2023-03-13 20:27:41',1,'0'),(14,92,'Bài học 12','','<p>Bài 2</p>','Có',NULL,NULL,NULL,'2023-03-13 20:27:41','2023-03-13 20:27:41',2,'1'),(15,94,'','','','',NULL,NULL,NULL,'2023-03-14 07:24:20','2023-03-14 07:24:20',1,'1'),(16,94,'','','','',NULL,NULL,NULL,'2023-03-14 07:24:20','2023-03-14 07:24:20',2,'1'),(17,95,'','','','',NULL,NULL,NULL,'2023-03-14 07:36:28','2023-03-14 07:36:28',1,'1'),(18,95,'','','','',NULL,NULL,NULL,'2023-03-14 07:36:28','2023-03-14 07:36:28',2,'1'),(19,96,'Bai 1','','','',NULL,NULL,NULL,'2023-03-14 07:45:30','2023-03-14 07:45:30',1,'1'),(20,96,'','','','',NULL,NULL,NULL,'2023-03-14 07:45:30','2023-03-14 07:45:30',2,'1');
/*!40000 ALTER TABLE `lesson` ENABLE KEYS */;
UNLOCK TABLES;

--
-- Table structure for table `lesson_info`
--

DROP TABLE IF EXISTS `lesson_info`;
/*!40101 SET @saved_cs_client     = @@character_set_client */;
/*!50503 SET character_set_client = utf8mb4 */;
CREATE TABLE `lesson_info` (
  `id` int NOT NULL AUTO_INCREMENT,
  `lesson_id` int DEFAULT NULL,
  `video_link` varchar(500) DEFAULT NULL,
  `content` varchar(5000) DEFAULT NULL,
  `introduction` varchar(500) DEFAULT NULL,
  `start_number` int DEFAULT NULL,
  `created_by` varchar(50) DEFAULT NULL,
  `last_modified_by` varchar(50) DEFAULT NULL,
  `created_at` timestamp NULL DEFAULT NULL,
  `last_modified_at` timestamp NULL DEFAULT NULL,
  `name` varchar(45) DEFAULT NULL,
  `locked` varchar(45) DEFAULT NULL,
  PRIMARY KEY (`id`),
  KEY `lesson_infox` (`lesson_id`),
  CONSTRAINT `lesson_id` FOREIGN KEY (`lesson_id`) REFERENCES `lesson` (`id`)
) ENGINE=InnoDB AUTO_INCREMENT=10 DEFAULT CHARSET=utf8mb4 COLLATE=utf8mb4_0900_ai_ci;
/*!40101 SET character_set_client = @saved_cs_client */;

--
-- Dumping data for table `lesson_info`
--

LOCK TABLES `lesson_info` WRITE;
/*!40000 ALTER TABLE `lesson_info` DISABLE KEYS */;
INSERT INTO `lesson_info` VALUES (1,1,'https://www.youtube.com/watch?v=xYR03V2leaY','Mục 1','Cài đặt thành phần',1,NULL,NULL,NULL,NULL,'Cài đặt thành phần','0'),(2,1,'https://www.youtube.com/watch?v=TYruJi-LeFQ','Mục 2','Lý thuyết cơ bản',2,NULL,NULL,NULL,NULL,'Lý thuyết cơ bản','0'),(3,1,'https://www.youtube.com/watch?v=hBVQkRXp4XY','Mục 3','Các trang cung cấp tài liệu',3,NULL,NULL,NULL,NULL,'Các trang cung cấp tài liệu','0'),(4,2,'https://www.youtube.com/watch?v=4pbJF4KOCRI','Mục 1','Thực hành bài 1',1,NULL,NULL,NULL,NULL,'Thực hành bài 1','1'),(5,2,NULL,'Mục 2','Thực hành bài 2',2,NULL,NULL,NULL,NULL,'Thực hành bài 2','1'),(6,3,NULL,'Mục 1','Thực hành bài 3',1,NULL,NULL,NULL,NULL,'Thực hành bài 3','1'),(7,3,NULL,'Mục 2','Kết hợp các bài học',2,NULL,NULL,NULL,NULL,'Kết hợp các bài học','1'),(8,3,NULL,'Mục 3','Kết hợp các bài học 2',3,NULL,NULL,NULL,NULL,'Kết hợp các bài học 2','1');
/*!40000 ALTER TABLE `lesson_info` ENABLE KEYS */;
UNLOCK TABLES;

--
-- Table structure for table `order_items`
--

DROP TABLE IF EXISTS `order_items`;
/*!40101 SET @saved_cs_client     = @@character_set_client */;
/*!50503 SET character_set_client = utf8mb4 */;
CREATE TABLE `order_items` (
  `id` int NOT NULL AUTO_INCREMENT,
  `order_id` int DEFAULT NULL,
  `course_id` int DEFAULT NULL,
  `init_price` int DEFAULT NULL,
  `discount` int DEFAULT NULL,
  `total` int DEFAULT NULL,
  `created_by` varchar(50) DEFAULT NULL,
  `last_modified_by` varchar(50) DEFAULT NULL,
  `created_at` timestamp NULL DEFAULT NULL,
  `last_modified_at` timestamp NULL DEFAULT NULL,
  `coupon_code` varchar(45) DEFAULT NULL,
  `affiliate_id` int DEFAULT NULL,
  PRIMARY KEY (`id`),
  KEY `order_idx` (`order_id`),
  KEY `course_idx` (`course_id`),
  KEY `order_items_cou` (`coupon_code`),
  KEY `order_items_ibfk_1` (`affiliate_id`),
  CONSTRAINT `course_id_i` FOREIGN KEY (`course_id`) REFERENCES `course` (`id`),
  CONSTRAINT `order_id_i` FOREIGN KEY (`order_id`) REFERENCES `orders` (`id`),
  CONSTRAINT `order_items_cou` FOREIGN KEY (`coupon_code`) REFERENCES `coupon` (`coupon_code`),
  CONSTRAINT `order_items_ibfk_1` FOREIGN KEY (`affiliate_id`) REFERENCES `affiliate` (`id`)
) ENGINE=InnoDB AUTO_INCREMENT=36 DEFAULT CHARSET=utf8mb4 COLLATE=utf8mb4_0900_ai_ci;
/*!40101 SET character_set_client = @saved_cs_client */;

--
-- Dumping data for table `order_items`
--

LOCK TABLES `order_items` WRITE;
/*!40000 ALTER TABLE `order_items` DISABLE KEYS */;
INSERT INTO `order_items` VALUES (1,1,1,50000,NULL,50000,NULL,NULL,NULL,NULL,NULL,NULL),(2,1,2,50000,NULL,50000,NULL,NULL,NULL,NULL,NULL,NULL),(3,1,3,80000,NULL,80000,NULL,NULL,NULL,NULL,NULL,NULL),(4,2,3,80000,NULL,80000,NULL,NULL,NULL,NULL,NULL,NULL),(5,4,2,10000,NULL,10000,NULL,NULL,NULL,NULL,NULL,NULL),(6,3,3,20000,NULL,20000,NULL,NULL,NULL,NULL,NULL,NULL),(7,4,3,20000,NULL,20000,NULL,NULL,NULL,NULL,NULL,NULL),(8,5,1,100000,NULL,100000,NULL,NULL,NULL,NULL,NULL,NULL),(9,5,3,20000,NULL,20000,NULL,NULL,NULL,NULL,NULL,NULL),(20,11,4,30000,0,30000,NULL,NULL,'2023-03-06 21:36:40','2023-03-06 21:36:40',NULL,NULL),(21,11,5,700000,0,700000,NULL,NULL,'2023-03-06 21:36:40','2023-03-06 21:36:40',NULL,NULL),(22,14,1,100000,30000,70000,NULL,NULL,'2023-03-07 08:53:56','2023-03-07 08:53:56','newCoupon',1),(23,14,2,200000,0,200000,NULL,NULL,'2023-03-07 08:53:59','2023-03-07 08:53:59',NULL,NULL),(24,15,1,100000,0,100000,NULL,NULL,'2023-03-07 09:32:47','2023-03-07 09:32:47',NULL,4),(25,16,3,50000,0,50000,NULL,NULL,'2023-03-07 09:40:22','2023-03-07 09:40:22',NULL,1),(26,17,2,200000,0,200000,NULL,NULL,'2023-03-07 09:50:53','2023-03-07 09:50:53',NULL,1),(27,18,20,650000,195000,455000,NULL,NULL,'2023-03-07 18:13:30','2023-03-07 18:13:30','1234',4),(28,25,12,100000,0,100000,NULL,NULL,'2023-03-10 07:42:09','2023-03-10 07:42:09',NULL,1),(29,26,85,123000,0,123000,NULL,NULL,'2023-03-10 08:13:09','2023-03-10 08:13:09',NULL,1),(30,27,19,230000,0,230000,NULL,NULL,NULL,NULL,NULL,1),(31,28,23,400000,120000,280000,NULL,NULL,NULL,NULL,'coupon-moi',1),(32,29,18,800000,240000,560000,NULL,NULL,NULL,NULL,'new-coupon',3),(33,30,92,100000,0,100000,NULL,NULL,'2023-03-14 07:08:51','2023-03-14 07:08:51',NULL,1),(34,31,15,100000,30000,70000,NULL,NULL,'2023-03-14 07:22:52','2023-03-14 07:22:52','coupon-123',1),(35,32,19,230000,69000,161000,NULL,NULL,'2023-03-14 07:47:57','2023-03-14 07:47:57','coupon-1-test',1);
/*!40000 ALTER TABLE `order_items` ENABLE KEYS */;
UNLOCK TABLES;

--
-- Table structure for table `orders`
--

DROP TABLE IF EXISTS `orders`;
/*!40101 SET @saved_cs_client     = @@character_set_client */;
/*!50503 SET character_set_client = utf8mb4 */;
CREATE TABLE `orders` (
  `id` int NOT NULL AUTO_INCREMENT,
  `user_id` int DEFAULT NULL,
  `initial_sum` int DEFAULT NULL,
  `discount` int DEFAULT NULL,
  `total` int DEFAULT NULL,
  `status` varchar(20) DEFAULT NULL,
  `created_by` varchar(50) DEFAULT NULL,
  `last_modified_by` varchar(50) DEFAULT NULL,
  `created_at` timestamp NULL DEFAULT NULL,
  `last_modified_at` timestamp NULL DEFAULT NULL,
  `affiliate_code` varchar(45) DEFAULT NULL,
  PRIMARY KEY (`id`),
  KEY `user_idx` (`user_id`),
  CONSTRAINT `user_id_ord` FOREIGN KEY (`user_id`) REFERENCES `user_account` (`id`),
  CONSTRAINT `user_id_orde` FOREIGN KEY (`user_id`) REFERENCES `user_account` (`id`)
) ENGINE=InnoDB AUTO_INCREMENT=33 DEFAULT CHARSET=utf8mb4 COLLATE=utf8mb4_0900_ai_ci;
/*!40101 SET character_set_client = @saved_cs_client */;

--
-- Dumping data for table `orders`
--

LOCK TABLES `orders` WRITE;
/*!40000 ALTER TABLE `orders` DISABLE KEYS */;
INSERT INTO `orders` VALUES (1,1,NULL,NULL,100000,'complete',NULL,NULL,NULL,NULL,NULL),(2,4,NULL,NULL,80000,'complete',NULL,NULL,'2022-07-14 00:30:18','2022-07-14 00:30:18',NULL),(3,4,NULL,NULL,150000,'complete',NULL,NULL,'2022-12-18 18:01:01','2022-07-14 00:30:18',NULL),(4,4,NULL,NULL,50000,'complete',NULL,NULL,'2022-12-20 00:30:18','2022-07-14 00:30:18',NULL),(5,1,NULL,NULL,12000,'complete',NULL,NULL,'2022-12-18 18:01:01',NULL,NULL),(11,1,730000,0,730000,NULL,NULL,NULL,NULL,NULL,NULL),(14,3,300000,30000,270000,NULL,NULL,NULL,NULL,NULL,NULL),(15,4,100000,0,100000,NULL,NULL,NULL,NULL,NULL,NULL),(16,4,50000,0,50000,NULL,NULL,NULL,NULL,NULL,NULL),(17,4,200000,0,200000,NULL,NULL,NULL,NULL,NULL,NULL),(18,3,650000,195000,455000,NULL,NULL,NULL,'2023-03-07 18:13:30','2023-03-07 18:13:30',NULL),(25,1,100000,0,100000,NULL,NULL,NULL,'2023-03-10 07:42:06','2023-03-10 07:42:06',NULL),(26,1,123000,0,123000,NULL,NULL,NULL,'2023-03-10 08:13:04','2023-03-10 08:13:04',NULL),(27,1,230000,0,230000,NULL,NULL,NULL,'2023-03-12 18:39:19','2023-03-12 18:39:19',NULL),(28,3,400000,120000,280000,NULL,NULL,NULL,'2023-03-12 19:00:20','2023-03-12 19:00:20',NULL),(29,2,800000,240000,560000,NULL,NULL,NULL,'2023-03-13 20:22:55','2023-03-13 20:22:55',NULL),(30,4,100000,0,100000,NULL,NULL,NULL,'2023-03-14 07:08:51','2023-03-14 07:08:51',NULL),(31,4,100000,30000,70000,NULL,NULL,NULL,'2023-03-14 07:22:52','2023-03-14 07:22:52',NULL),(32,3,230000,69000,161000,NULL,NULL,NULL,'2023-03-14 07:47:57','2023-03-14 07:47:57',NULL);
/*!40000 ALTER TABLE `orders` ENABLE KEYS */;
UNLOCK TABLES;

--
-- Table structure for table `roles`
--

DROP TABLE IF EXISTS `roles`;
/*!40101 SET @saved_cs_client     = @@character_set_client */;
/*!50503 SET character_set_client = utf8mb4 */;
CREATE TABLE `roles` (
  `id` int NOT NULL AUTO_INCREMENT,
  `roles` varchar(45) NOT NULL,
  PRIMARY KEY (`id`)
) ENGINE=InnoDB AUTO_INCREMENT=3 DEFAULT CHARSET=utf8mb3;
/*!40101 SET character_set_client = @saved_cs_client */;

--
-- Dumping data for table `roles`
--

LOCK TABLES `roles` WRITE;
/*!40000 ALTER TABLE `roles` DISABLE KEYS */;
INSERT INTO `roles` VALUES (1,'ROLE_ADMIN'),(2,'ROLE_USER');
/*!40000 ALTER TABLE `roles` ENABLE KEYS */;
UNLOCK TABLES;

--
-- Table structure for table `student`
--

DROP TABLE IF EXISTS `student`;
/*!40101 SET @saved_cs_client     = @@character_set_client */;
/*!50503 SET character_set_client = utf8mb4 */;
CREATE TABLE `student` (
  `id` int NOT NULL AUTO_INCREMENT,
  `student_code` varchar(50) DEFAULT NULL,
  `name` varchar(50) DEFAULT NULL,
  `birth_date` date DEFAULT NULL,
  `email` varchar(100) DEFAULT NULL,
  `address` varchar(100) DEFAULT NULL,
  `city` varchar(100) DEFAULT NULL,
  `gender` varchar(50) DEFAULT NULL,
  `avatar` varchar(500) DEFAULT NULL,
  `status` varchar(20) DEFAULT NULL,
  `created_by` varchar(50) DEFAULT NULL,
  `last_modified_by` varchar(50) DEFAULT NULL,
  `created_at` timestamp NULL DEFAULT NULL,
  `last_modified_at` timestamp NULL DEFAULT NULL,
  PRIMARY KEY (`id`)
) ENGINE=InnoDB AUTO_INCREMENT=217 DEFAULT CHARSET=utf8mb4 COLLATE=utf8mb4_0900_ai_ci;
/*!40101 SET character_set_client = @saved_cs_client */;

--
-- Dumping data for table `student`
--

LOCK TABLES `student` WRITE;
/*!40000 ALTER TABLE `student` DISABLE KEYS */;
INSERT INTO `student` VALUES (1,'student_1JohnNewerhelson','John Newerhelson','2000-04-11','johnNash@email.com','Ha Noi','Ha Noi','male','https://firebasestorage.googleapis.com/v0/b/web-elear.appspot.com/o/files%2FCapture001.png?alt=media&token=57e4491f-94a2-48f8-acfc-b9c1244e121c',NULL,NULL,NULL,NULL,'2023-03-14 06:10:57'),(2,'student_2','John Due','1999-04-12','jdue@gmail.com','Hai Ba Trung, Ha Noi','Ha Noi','male',NULL,'active',NULL,NULL,NULL,NULL),(3,'student_3NguynVnA','Nguyễn Văn A','2011-11-21','nguyenvana@gmail.com','Hà Nam, Hà Nội','Hà Nam','male','',NULL,NULL,NULL,NULL,'2023-03-10 21:14:16'),(4,'student_4','Nguyễn Thị H','2002-01-18','thihanhN@gmail.com','Hà Nam','Ha Noi','female',NULL,'active',NULL,NULL,NULL,NULL),(5,'student_5','Trần Trung Đ','1990-08-12','trantrungduc@email.com','112 tổ 2 đường Trường Thi','Nam Dinh','male','','active',NULL,NULL,NULL,NULL),(6,'student_6','Nguyễn Thị T','1992-02-11','nguyentt123@email.com','09 đường Bạch Đằng','Ha Noi','female',NULL,'active',NULL,NULL,NULL,NULL),(7,'43857-0007','Lowrance Titlow','2006-09-13','ltitlow6@hao123.com','37609 1st Junction','Shangsanji','Male',NULL,'active',NULL,NULL,NULL,NULL),(8,'1312312','New Student Name',NULL,'localhost@email.com',NULL,NULL,'No',NULL,'active',NULL,NULL,NULL,'2022-12-12 08:49:30'),(9,'48951-9055','Mohandas Girvan','1993-03-23','mgirvan8@uol.com.br','562 Hayes Center','Sandakan','Male',NULL,'active',NULL,NULL,NULL,NULL),(10,'63717-333','Ramon Andren','1991-11-13','randren9@shareasale.com','3 Hazelcrest Street','Jidd Ḩafş','Male',NULL,NULL,NULL,NULL,NULL,NULL),(11,'11716-0001','Herrick Toller','1996-04-13','htollera@mail.ru','5 Onsgard Pass','Puyang','Male',NULL,NULL,NULL,NULL,NULL,NULL),(12,'0378-5525','Joy Skydall','2007-12-20','jskydallb@sphinn.com','4800 Pawling Place','Moste','Female',NULL,NULL,NULL,NULL,NULL,NULL),(13,'0067-0129','Prudy Grinsdale','2008-02-01','pgrinsdalec@usa.gov','46005 Del Mar Trail','Pražmo','Female',NULL,NULL,NULL,NULL,NULL,NULL),(14,'68084-610','Emogene Van Der Straaten','2008-10-15','evand@boston.com','52051 Meadow Valley Street','Klembivka','Female',NULL,NULL,NULL,NULL,NULL,NULL),(15,'54868-4074','Gilberto Stooders','2000-07-11','gstooderse@forbes.com','4 Morning Plaza','Malati','Male',NULL,NULL,NULL,NULL,NULL,NULL),(16,'62778-119','Jacenta Bayne','1999-10-05','jbaynef@purevolume.com','3329 Cherokee Pass','Tawala','Polygender',NULL,NULL,NULL,NULL,NULL,NULL),(17,'43742-0253','Osbourn Loble','1998-02-19','olobleg@slashdot.org','1331 Knutson Junction','Dunaivtsi','Male',NULL,NULL,NULL,NULL,NULL,NULL),(18,'50436-1265','Ferne Toner','1991-09-11','ftonerh@diigo.com','26903 Glacier Hill Road','Sarrazola','Female',NULL,NULL,NULL,NULL,NULL,NULL),(19,'49349-089','Judd Jumeau','1995-01-09','jjumeaui@upenn.edu','817 Atwood Avenue','Chenjiahe','Male',NULL,NULL,NULL,NULL,NULL,NULL),(20,'54868-5637','Tabina Lehrmann','1991-07-18','tlehrmannj@digg.com','0 Dahle Alley','San Rafael Petzal','Female',NULL,NULL,NULL,NULL,NULL,NULL),(21,'55154-0103','Agatha Pellamonuten','2005-09-03','apellamonutenk@virginia.edu','658 Londonderry Alley','Margacina','Female',NULL,NULL,NULL,NULL,NULL,NULL),(22,'33992-1070','Lionello Adamsson','1998-02-05','ladamssonl@prnewswire.com','0 Harbort Junction','San Miguel','Male',NULL,NULL,NULL,NULL,NULL,NULL),(23,'0591-2736','Cacilie Botger','2007-04-23','cbotgerm@disqus.com','83 Farmco Junction','Hōjō','Female',NULL,NULL,NULL,NULL,NULL,NULL),(24,'49288-0254','Nanci Dye','1999-12-01','ndyen@usda.gov','6432 Valley Edge Street','Tangjiakou','Female',NULL,NULL,NULL,NULL,NULL,NULL),(25,'54868-6035','Michail Champ','1998-02-12','mchampo@jigsy.com','400 Ridgeview Park','Antsiranana','Male',NULL,NULL,NULL,NULL,NULL,NULL),(26,'68428-086','Sidoney Aldin','2000-05-09','saldinp@shutterfly.com','00888 Kipling Lane','Rawa','Female',NULL,NULL,NULL,NULL,NULL,NULL),(27,'12462-301','Kellia Eveleigh','2002-04-27','keveleighq@e-recht24.de','1 Warrior Road','Trzemeszno','Female',NULL,NULL,NULL,NULL,NULL,NULL),(28,'43353-414','Frans Coltan','1992-12-10','fcoltanr@dailymail.co.uk','17471 Dayton Circle','Al Karāmah','Male',NULL,NULL,NULL,NULL,NULL,NULL),(29,'68405-012','Benjie Barnwall','1992-09-29','bbarnwalls@1und1.de','888 Mendota Drive','Dalovice','Male',NULL,NULL,NULL,NULL,NULL,NULL),(30,'33992-1418','Marven Laudham','1996-03-28','mlaudhamt@ameblo.jp','88298 Mandrake Plaza','Baiyin','Genderfluid',NULL,NULL,NULL,NULL,NULL,NULL),(31,'11410-803','Erhard Medeway','2006-08-21','emedewayu@list-manage.com','767 Jenna Junction','Komsomolsk-on-Amur','Male',NULL,NULL,NULL,NULL,NULL,NULL),(32,'50436-5505','Billie Queen','1991-09-29','bqueenv@blogs.com','44039 Birchwood Court','Qingtaiping','Female',NULL,NULL,NULL,NULL,NULL,NULL),(33,'52731-7049','Gypsy Traher','2001-04-01','gtraherw@icio.us','2776 Derek Drive','Yatsushiro','Female',NULL,NULL,NULL,NULL,NULL,NULL),(34,'55289-385','Elia Freckingham','2003-06-28','efreckinghamx@wikimedia.org','523 Stoughton Street','Salamina','Male',NULL,NULL,NULL,NULL,NULL,NULL),(35,'53241-020','Kareem McGlashan','2009-11-07','kmcglashany@arizona.edu','89 Erie Court','Xujiadian','Male',NULL,NULL,NULL,NULL,NULL,NULL),(36,'42288-000','Kassi Kienzle','2006-04-20','kkienzlez@example.com','14074 Golf Course Parkway','Kunshan','Female',NULL,NULL,NULL,NULL,NULL,NULL),(37,'54162-107','Whitby Feldberg','2010-05-13','wfeldberg10@buzzfeed.com','05 Truax Point','Granada','Male',NULL,NULL,NULL,NULL,NULL,NULL),(38,'0113-0923','Karolina Gabbitas','1996-11-18','kgabbitas11@altervista.org','18044 Superior Crossing','Jundiaí','Female',NULL,NULL,NULL,NULL,NULL,NULL),(39,'50988-274','Donny Norcutt','1997-05-02','dnorcutt12@dedecms.com','5813 Bultman Center','Nakovo','Female',NULL,NULL,NULL,NULL,NULL,NULL),(40,'60760-353','Karrah Reneke','1999-07-13','kreneke13@devhub.com','0526 Heffernan Junction','Pacapausa','Female',NULL,NULL,NULL,NULL,NULL,NULL),(41,'53877-008','Jennette Draco','2001-12-03','jdraco14@purevolume.com','30 Debs Street','Xianchiyu','Female',NULL,NULL,NULL,NULL,NULL,NULL),(42,'0143-9667','Remus Bosward','1999-03-20','rbosward15@hp.com','3 Holy Cross Way','San Pedro','Male',NULL,NULL,NULL,NULL,NULL,NULL),(43,'24385-165','Etty Farfalameev','2001-08-28','efarfalameev16@wired.com','59592 Oneill Junction','Jega','Female',NULL,NULL,NULL,NULL,NULL,NULL),(44,'48951-2013','Lannie Dalling','1993-01-15','ldalling17@drupal.org','05394 Tennessee Drive','Yahe','Male',NULL,NULL,NULL,NULL,NULL,NULL),(45,'36800-232','Micaela Skule','1993-04-03','mskule18@msu.edu','0 Bluestem Pass','Jiangwei','Female',NULL,NULL,NULL,NULL,NULL,NULL),(46,'58668-2731','Joice Clausewitz','1998-11-02','jclausewitz19@skyrock.com','879 Sutherland Street','Barurao','Female',NULL,NULL,NULL,NULL,NULL,NULL),(47,'0363-0957','Andreana Sallows','2001-11-09','asallows1a@dailymotion.com','67696 Union Trail','Banxi','Female',NULL,NULL,NULL,NULL,NULL,NULL),(48,'79596-099','Lorenzo Bonifazio','2004-11-11','lbonifazio1b@yellowpages.com','280 Mayer Park','Daja','Genderfluid',NULL,NULL,NULL,NULL,NULL,NULL),(49,'17420-0036','Andrej Pymer','2005-12-30','apymer1c@exblog.jp','8 Hansons Drive','Granville','Male',NULL,NULL,NULL,NULL,NULL,NULL),(50,'76485-1012','Rudolph Matusevich','1998-05-23','rmatusevich1d@yellowbook.com','6 Lighthouse Bay Avenue','El Bagre','Male',NULL,NULL,NULL,NULL,NULL,NULL),(51,'58268-013','Horacio Jennick','1993-03-09','hjennick1e@sitemeter.com','7752 Knutson Court','Stockholm','Male',NULL,NULL,NULL,NULL,NULL,NULL),(52,'68915-280','Booth Amburgy','2009-03-02','bamburgy1f@npr.org','01674 Nelson Drive','Xiaoyan','Male',NULL,NULL,NULL,NULL,NULL,NULL),(53,'49348-121','Bennie Trathan','2007-07-01','btrathan1g@columbia.edu','80 Glendale Alley','Nnewi','Female',NULL,NULL,NULL,NULL,NULL,NULL),(54,'0591-0796','Christiana Launder','1993-05-27','claunder1h@blogspot.com','0743 Manufacturers Alley','Bungoma','Female',NULL,NULL,NULL,NULL,NULL,NULL),(55,'63739-472','Banky Copson','2003-12-16','bcopson1i@technorati.com','5470 Springs Alley','Joaquín Suárez','Male',NULL,NULL,NULL,NULL,NULL,NULL),(56,'64679-636','Burt Ogan','1997-05-26','bogan1j@va.gov','850 Northridge Place','Baiquan','Male',NULL,NULL,NULL,NULL,NULL,NULL),(57,'63481-434','Dorthy Ruzicka','2000-07-18','druzicka1k@yale.edu','50 Emmet Lane','Shedok','Female',NULL,NULL,NULL,NULL,NULL,NULL),(58,'45802-083','Paloma Jurkiewicz','1991-06-07','pjurkiewicz1l@pen.io','0768 Dawn Crossing','Margherita','Female',NULL,NULL,NULL,NULL,NULL,NULL),(59,'63941-316','Konstance Gothup','2003-03-03','kgothup1m@blog.com','6664 Havey Point','Bartniczka','Bigender',NULL,NULL,NULL,NULL,NULL,NULL),(60,'50813-0006','Wadsworth Kirman','1996-09-22','wkirman1n@toplist.cz','2950 Rowland Parkway','Sarae','Male',NULL,NULL,NULL,NULL,NULL,NULL),(61,'37808-065','Brion Cranham','1999-10-30','bcranham1o@dyndns.org','6 Pine View Parkway','Dayanggezhuang','Male',NULL,NULL,NULL,NULL,NULL,NULL),(62,'55289-464','Bobbie Audiss','2001-09-03','baudiss1p@intel.com','2 Northfield Trail','Ursus','Genderqueer',NULL,NULL,NULL,NULL,NULL,NULL),(63,'49348-477','Patty MacTrustey','1997-10-21','pmactrustey1q@slate.com','425 Bartillon Point','Santa Rosa','Female',NULL,NULL,NULL,NULL,NULL,NULL),(64,'37012-550','Jaquelyn Wheelwright','2008-08-12','jwheelwright1r@about.me','52 Iowa Park','Ngrejo','Female',NULL,NULL,NULL,NULL,NULL,NULL),(65,'0168-0352','Neddy Greenin','1996-05-23','ngreenin1s@bing.com','739 Valley Edge Drive','El Obeid','Male',NULL,NULL,NULL,NULL,NULL,NULL),(66,'0135-0503','Rog Heape','1992-05-01','rheape1t@google.de','083 Texas Trail','San Antonio','Male',NULL,NULL,NULL,NULL,NULL,NULL),(67,'68084-200','Sib Lamborn','2009-06-28','slamborn1u@google.co.jp','2497 Steensland Terrace','Bogorodskoye','Female',NULL,NULL,NULL,NULL,NULL,NULL),(68,'54868-5576','Ches Pozzi','2008-07-06','cpozzi1v@merriam-webster.com','94561 Pepper Wood Parkway','Wakapuken','Male',NULL,NULL,NULL,NULL,NULL,NULL),(69,'62864-903','Lynnelle Hagstone','2009-06-18','lhagstone1w@live.com','6 Luster Lane','Tianchi','Female',NULL,NULL,NULL,NULL,NULL,NULL),(70,'67046-642','Si Yanyushkin','1994-04-28','syanyushkin1x@tmall.com','045 Larry Trail','Villa Cañás','Male',NULL,NULL,NULL,NULL,NULL,NULL),(71,'36987-2889','Darsey Scinelli','2004-11-21','dscinelli1y@t.co','7759 Manitowish Alley','Mangxing','Female',NULL,NULL,NULL,NULL,NULL,NULL),(72,'48951-1229','Sammy Busch','1995-08-06','sbusch1z@disqus.com','93303 Troy Street','Kangle','Female',NULL,NULL,NULL,NULL,NULL,NULL),(73,'0548-5606','Arielle Yepiskov','1995-09-21','ayepiskov20@skyrock.com','83 Lien Pass','Zhuyeping','Female',NULL,NULL,NULL,NULL,NULL,NULL),(74,'54973-3124','Calhoun Grills','2003-09-16','cgrills21@sogou.com','840 Marcy Place','Sinanju','Male',NULL,NULL,NULL,NULL,NULL,NULL),(75,'14783-011','Dniren Townsley','2002-11-18','dtownsley22@vimeo.com','28 Anderson Point','Weicheng','Female',NULL,NULL,NULL,NULL,NULL,NULL),(76,'58232-0721','Toni Trathen','2009-06-17','ttrathen23@ed.gov','693 Cascade Place','Kandi','Female',NULL,NULL,NULL,NULL,NULL,NULL),(77,'50268-069','Harper Lerhinan','2009-07-19','hlerhinan24@google.com.br','055 Park Meadow Alley','Nan','Male',NULL,NULL,NULL,NULL,NULL,NULL),(78,'49738-588','Towny Wick','1997-12-31','twick25@mediafire.com','49079 Del Sol Pass','Tancheng','Male',NULL,NULL,NULL,NULL,NULL,NULL),(79,'42211-204','Sanderson Hughes','1992-10-12','shughes26@scribd.com','9527 Lake View Court','Chicago','Male',NULL,NULL,NULL,NULL,NULL,NULL),(80,'0268-6610','Rem Dommerque','2010-01-19','rdommerque27@mlb.com','318 Bowman Place','Timiryazevo','Bigender',NULL,NULL,NULL,NULL,NULL,NULL),(81,'52125-986','Stoddard Sive','2005-12-26','ssive28@cmu.edu','1 Nancy Parkway','Vangaži','Female',NULL,NULL,NULL,NULL,NULL,NULL),(82,'60512-6205','Prissie Whitecross','2002-08-21','pwhitecross29@ox.ac.uk','9344 Waxwing Street','Rangmanten','Female',NULL,NULL,NULL,NULL,NULL,NULL),(83,'63304-794','Shela Eighteen','2004-12-31','seighteen2a@rediff.com','47 Sundown Parkway','Xianxi','Female',NULL,NULL,NULL,NULL,NULL,NULL),(84,'49349-357','Arliene Blasoni','2008-12-23','ablasoni2b@google.it','20 Nelson Crossing','Nangahale','Female',NULL,NULL,NULL,NULL,NULL,NULL),(85,'53145-119','Faina Peppard','2006-01-16','fpeppard2c@mit.edu','601 Cambridge Alley','Castelli','Female',NULL,NULL,NULL,NULL,NULL,NULL),(86,'36987-2072','Zelda Nissle','2005-01-06','znissle2d@icq.com','46698 Milwaukee Parkway','Arruda dos Vinhos','Female',NULL,NULL,NULL,NULL,NULL,NULL),(87,'0187-0797','Ignacio Davidofski','1992-07-04','idavidofski2e@spotify.com','26 Waxwing Trail','Shilong','Male',NULL,NULL,NULL,NULL,NULL,NULL),(88,'64893-385','Michail Sandcraft','1993-09-13','msandcraft2f@adobe.com','537 Pepper Wood Park','Buenos Aires','Male',NULL,NULL,NULL,NULL,NULL,NULL),(89,'11523-7313','Inge Maffia','2007-11-01','imaffia2g@joomla.org','1472 Steensland Road','Chyšky','Non-binary',NULL,NULL,NULL,NULL,NULL,NULL),(90,'56152-2003','Jude Pipkin','2005-01-22','jpipkin2h@pbs.org','028 Mifflin Hill','Kumamoto','Male',NULL,NULL,NULL,NULL,NULL,NULL),(91,'42254-062','Bree Hammerberg','2006-04-28','bhammerberg2i@sogou.com','739 Anthes Court','Bhairab Bāzār','Genderqueer',NULL,NULL,NULL,NULL,NULL,NULL),(92,'68382-010','Casie Blacksell','2005-10-29','cblacksell2j@mozilla.com','5 Loftsgordon Terrace','Ganding','Female',NULL,NULL,NULL,NULL,NULL,NULL),(93,'42291-839','Brenden Beamish','1996-09-15','bbeamish2k@yahoo.co.jp','6 Spaight Plaza','Baini','Male',NULL,NULL,NULL,NULL,NULL,NULL),(94,'29860-203','Omero Spivey','2007-03-13','ospivey2l@foxnews.com','304 Rieder Point','Al Kittah','Male',NULL,NULL,NULL,NULL,NULL,NULL),(95,'43074-101','Alexio Chaulk','2010-06-07','achaulk2m@seattletimes.com','9 Mayer Court','Fullerton','Male',NULL,NULL,NULL,NULL,NULL,NULL),(96,'62032-114','Dodi Shearsby','2009-10-16','dshearsby2n@hostgator.com','47 Forest Dale Drive','Foumbot','Bigender',NULL,NULL,NULL,NULL,NULL,NULL),(97,'52533-002','Nevile Mc Gorley','2006-04-17','nmc2o@hibu.com','39 Morrow Way','Naran-mandokhu Somon','Male',NULL,NULL,NULL,NULL,NULL,NULL),(98,'59779-083','Ginni Balfour','1996-05-18','gbalfour2p@sourceforge.net','53133 Bellgrove Avenue','Léchovo','Female',NULL,NULL,NULL,NULL,NULL,NULL),(99,'61601-1143','Saxon Messruther','1996-11-05','smessruther2q@stumbleupon.com','7 Reindahl Junction','Yanggu','Male',NULL,NULL,NULL,NULL,NULL,NULL),(100,'43455-0006','Zebulen Davidsson','1999-10-03','zdavidsson2r@latimes.com','154 Heath Avenue','Chalon-sur-Saône','Male',NULL,NULL,NULL,NULL,NULL,NULL),(101,'42479-212','Tersina Goodwill','1999-08-28','tgoodwill2s@dot.gov','16894 Schurz Pass','Rízoma','Female',NULL,NULL,NULL,NULL,NULL,NULL),(102,'54868-5724','Herrick Kardos','2003-11-09','hkardos2t@archive.org','8941 Bartillon Lane','Ganjiang','Male',NULL,NULL,NULL,NULL,NULL,NULL),(103,'48951-1203','Huntlee Lourens','2010-09-21','hlourens2u@businessweek.com','5 Bartillon Trail','Borås','Male',NULL,NULL,NULL,NULL,NULL,NULL),(104,'55505-103','Lorianne Dunston','1996-04-26','ldunston2v@soup.io','7 Barby Street','Xinming','Female',NULL,NULL,NULL,NULL,NULL,NULL),(105,'41190-094','Candide Buffey','2010-01-22','cbuffey2w@amazon.co.uk','950 Forest Dale Plaza','Périgny','Female',NULL,NULL,NULL,NULL,NULL,NULL),(106,'59351-0319','Lionel Rivel','1991-02-14','lrivel2x@live.com','34692 Meadow Vale Hill','Okhotsk','Male',NULL,NULL,NULL,NULL,NULL,NULL),(107,'0641-6079','Ignace Pindell','2004-04-23','ipindell2y@omniture.com','7 Green Ridge Road','Drajak','Male',NULL,NULL,NULL,NULL,NULL,NULL),(108,'49825-113','Mia Vallintine','1991-12-13','mvallintine2z@bbc.co.uk','19646 Hovde Park','Gelan','Female',NULL,NULL,NULL,NULL,NULL,NULL),(109,'50241-142','Haskel Ebunoluwa','1999-06-21','hebunoluwa30@cargocollective.com','12 Burrows Street','Banyulegi','Male',NULL,NULL,NULL,NULL,NULL,NULL),(110,'16853-1308','Bat Etchells','1993-08-17','betchells31@digg.com','8 Briar Crest Center','Gareba','Male',NULL,NULL,NULL,NULL,NULL,NULL),(111,'0185-0139','Terry Bassom','2002-08-28','tbassom32@gmpg.org','19 Harper Way','Qal‘at Bīshah','Female',NULL,NULL,NULL,NULL,NULL,NULL),(112,'0615-3520','Hally Kilcoyne','1997-09-27','hkilcoyne33@foxnews.com','44 Mayer Place','Knoxville','Female',NULL,NULL,NULL,NULL,NULL,NULL),(113,'55312-700','Micheil Allcock','1991-03-26','mallcock34@java.com','4399 Del Sol Circle','Naran Bulag','Male',NULL,NULL,NULL,NULL,NULL,NULL),(114,'44567-330','Mandie Aubrey','1991-05-31','maubrey35@skype.com','87 Manitowish Court','Sanhe','Female',NULL,NULL,NULL,NULL,NULL,NULL),(115,'68645-445','Madelena Bielfeld','1994-08-12','mbielfeld36@fotki.com','6684 Village Park','Sambuluan','Female',NULL,NULL,NULL,NULL,NULL,NULL),(116,'0268-1301','Reider Laidlaw','1993-01-17','rlaidlaw37@smh.com.au','374 Quincy Way','Zaytā Jammā‘īn','Male',NULL,NULL,NULL,NULL,NULL,NULL),(117,'58930-061','Nathanial Pinchback','1994-06-28','npinchback38@google.com.br','41937 Beilfuss Plaza','Even Yehuda','Male',NULL,NULL,NULL,NULL,NULL,NULL),(118,'48951-2079','Ciel Morriarty','2010-01-01','cmorriarty39@marketwatch.com','5 Express Court','Canggang','Female',NULL,NULL,NULL,NULL,NULL,NULL),(119,'56062-704','Edmon Deane','2006-03-30','edeane3a@guardian.co.uk','19 Lakewood Pass','Santa Lucia','Polygender',NULL,NULL,NULL,NULL,NULL,NULL),(120,'25021-779','Chlo Isaksson','1994-06-30','cisaksson3b@ustream.tv','980 Hoepker Terrace','San Agustin','Female',NULL,NULL,NULL,NULL,NULL,NULL),(121,'68151-4679','Vito Hollyard','2003-08-30','vhollyard3c@tmall.com','949 Spaight Hill','Göteborg','Male',NULL,NULL,NULL,NULL,NULL,NULL),(122,'61657-0952','Allissa Devil','1997-02-08','adevil3d@merriam-webster.com','88 Cordelia Point','Muarasiau','Female',NULL,NULL,NULL,NULL,NULL,NULL),(123,'76237-178','Konstantin Berrisford','2000-12-07','kberrisford3e@mashable.com','75 Village Avenue','Phultala','Male',NULL,NULL,NULL,NULL,NULL,NULL),(124,'67457-162','Horst Annott','1992-03-15','hannott3f@marriott.com','0 Kim Pass','Vinež','Male',NULL,NULL,NULL,NULL,NULL,NULL),(125,'59995-004','Fabian Ovens','1998-11-01','fovens3g@wix.com','0296 Dixon Junction','Kaga Bandoro','Male',NULL,NULL,NULL,NULL,NULL,NULL),(126,'0363-0407','Lorin Lawlie','2002-11-24','llawlie3h@typepad.com','6 Farragut Pass','Xuefeng','Male',NULL,NULL,NULL,NULL,NULL,NULL),(127,'65841-656','Avery Woolager','1993-02-19','awoolager3i@cbc.ca','96326 Schlimgen Avenue','Dob','Genderfluid',NULL,NULL,NULL,NULL,NULL,NULL),(128,'62932-142','Merna Josilowski','2000-10-26','mjosilowski3j@cdc.gov','416 North Junction','Pacasmayo','Female',NULL,NULL,NULL,NULL,NULL,NULL),(129,'65862-053','Henrieta Partleton','1997-03-30','hpartleton3k@usatoday.com','16 Eagan Street','Biecz','Female',NULL,NULL,NULL,NULL,NULL,NULL),(130,'0378-9124','Genny Kildahl','1991-06-29','gkildahl3l@archive.org','9619 Anthes Hill','Sundsvall','Female',NULL,NULL,NULL,NULL,NULL,NULL),(131,'30142-561','Sarina Schubbert','2010-01-01','sschubbert3m@ft.com','22474 Sutherland Lane','No Kunda','Female',NULL,NULL,NULL,NULL,NULL,NULL),(132,'64616-091','Sabrina Fosbraey','2007-01-14','sfosbraey3n@google.co.jp','15 Porter Court','Kantharalak','Female',NULL,NULL,NULL,NULL,NULL,NULL),(133,'33342-093','Bridie Dyball','2009-07-03','bdyball3o@flavors.me','7 Bultman Road','Kremenets’','Female',NULL,NULL,NULL,NULL,NULL,NULL),(134,'55700-044','Gael Snedker','2009-03-27','gsnedker3p@state.tx.us','21586 Gerald Court','Baltimore','Non-binary',NULL,NULL,NULL,NULL,NULL,NULL),(135,'66116-516','Base Bartlet','1999-04-15','bbartlet3q@nih.gov','368 Hanson Street','Gedera','Male',NULL,NULL,NULL,NULL,NULL,NULL),(136,'76461-024','Melania Comberbach','2001-12-15','mcomberbach3r@xinhuanet.com','46713 Armistice Lane','Pak Phanang','Female',NULL,NULL,NULL,NULL,NULL,NULL),(137,'42507-994','Boyd Anglish','2003-11-11','banglish3s@upenn.edu','366 Weeping Birch Place','Örebro','Male',NULL,NULL,NULL,NULL,NULL,NULL),(138,'10812-238','Bruno Bushaway','2009-03-29','bbushaway3t@state.tx.us','4209 Pine View Junction','Kanghe','Male',NULL,NULL,NULL,NULL,NULL,NULL),(139,'55312-843','Viviyan Malyon','2007-10-18','vmalyon3u@woothemes.com','65264 North Trail','Tongjiaxi','Female',NULL,NULL,NULL,NULL,NULL,NULL),(140,'0299-3822','Nikki Dack','2004-10-13','ndack3v@phpbb.com','329 Almo Crossing','Koz’modem’yansk','Female',NULL,NULL,NULL,NULL,NULL,NULL),(141,'51079-445','Rayner Nielson','1994-08-12','rnielson3w@ucsd.edu','41 Canary Road','Hetian','Male',NULL,NULL,NULL,NULL,NULL,NULL),(142,'17630-2009','Camella Pistol','1998-09-21','cpistol3x@purevolume.com','494 Becker Place','Rincón','Female',NULL,NULL,NULL,NULL,NULL,NULL),(143,'68382-795','Barr Guerre','2010-10-19','bguerre3y@illinois.edu','840 Sullivan Junction','Goim','Male',NULL,NULL,NULL,NULL,NULL,NULL),(144,'54868-2497','Stern Pinn','2003-08-07','spinn3z@jalbum.net','36 Artisan Center','Kamiichi','Male',NULL,NULL,NULL,NULL,NULL,NULL),(145,'41268-897','Karin Tradewell','1995-10-11','ktradewell40@tmall.com','1 Roth Lane','Cazin','Female',NULL,NULL,NULL,NULL,NULL,NULL),(146,'66869-204','Maurita Engelmann','1994-04-19','mengelmann41@blog.com','9761 Morning Crossing','Xinwu','Female',NULL,NULL,NULL,NULL,NULL,NULL),(147,'68001-207','Granville Seid','1995-08-05','gseid42@washingtonpost.com','691 Nelson Avenue','Al Khamīs','Male',NULL,NULL,NULL,NULL,NULL,NULL),(148,'54532-0015','Valeda Sammonds','2006-02-05','vsammonds43@wikispaces.com','8342 Jenifer Alley','Dalmeny','Female',NULL,NULL,NULL,NULL,NULL,NULL),(149,'68788-9802','Shirleen Maggiori','1992-03-19','smaggiori44@angelfire.com','65 Bultman Way','Meilin','Female',NULL,NULL,NULL,NULL,NULL,NULL),(150,'53241-010','Scott Wyldbore','2004-02-07','swyldbore45@google.co.uk','62 3rd Park','Tây Hồ','Male',NULL,NULL,NULL,NULL,NULL,NULL),(151,'0115-1459','Karissa Codman','2009-06-08','kcodman46@apple.com','73608 Gulseth Point','Česká Skalice','Female',NULL,NULL,NULL,NULL,NULL,NULL),(152,'53808-0605','Wilton Mafham','2005-04-06','wmafham47@dailymail.co.uk','8990 Debra Junction','Chok Chai','Male',NULL,NULL,NULL,NULL,NULL,NULL),(153,'0378-6040','Linoel Lock','1999-05-08','llock48@newsvine.com','5 Ridgeview Park','Suay','Male',NULL,NULL,NULL,NULL,NULL,NULL),(154,'43269-629','Bryana Sinkinson','1999-03-01','bsinkinson49@springer.com','8334 Sutteridge Pass','Kalinkavichy','Female',NULL,NULL,NULL,NULL,NULL,NULL),(155,'58668-4101','Madison Hulles','2000-01-08','mhulles4a@hud.gov','80145 Bultman Place','Zushi','Male',NULL,NULL,NULL,NULL,NULL,NULL),(156,'54296-1001','Lyndel Bearsmore','2009-08-03','lbearsmore4b@yale.edu','83 Dennis Road','Agboville','Female',NULL,NULL,NULL,NULL,NULL,NULL),(157,'0904-6121','Carmelina Lunney','2008-12-12','clunney4c@china.com.cn','87514 Green Parkway','Tiabaya','Female',NULL,NULL,NULL,NULL,NULL,NULL),(158,'76063-773','Parrnell Mancell','2004-02-04','pmancell4d@tamu.edu','865 Warrior Hill','Baltimore','Male',NULL,NULL,NULL,NULL,NULL,NULL),(159,'63629-4060','Lynnelle Hentze','1998-04-23','lhentze4e@mapquest.com','6057 Stuart Way','Bagahanlad','Female',NULL,NULL,NULL,NULL,NULL,NULL),(160,'13537-102','Sheffie Stitle','2007-02-16','sstitle4f@taobao.com','62 School Park','Куклиш','Male',NULL,NULL,NULL,NULL,NULL,NULL),(161,'57237-025','Ephrem Werndly','2006-04-04','ewerndly4g@netvibes.com','3 Division Way','Boyu','Genderqueer',NULL,NULL,NULL,NULL,NULL,NULL),(162,'36987-1023','Jeffry Newns','1997-05-12','jnewns4h@mayoclinic.com','55131 Alpine Pass','Zblewo','Male',NULL,NULL,NULL,NULL,NULL,NULL),(163,'68516-5214','Willabella Meany','1995-03-27','wmeany4i@weebly.com','547 Hanover Lane','Santa Rosa','Female',NULL,NULL,NULL,NULL,NULL,NULL),(164,'0135-0506','Ellene Bingle','1996-01-15','ebingle4j@google.de','4 Hanson Road','Lijiazui','Female',NULL,NULL,NULL,NULL,NULL,NULL),(165,'61314-227','Berny Lillie','1992-01-27','blillie4k@linkedin.com','1 Warbler Drive','Pudoc North','Male',NULL,NULL,NULL,NULL,NULL,NULL),(166,'0093-5504','Codie Ennals','1994-06-17','cennals4l@51.la','2986 Sunfield Drive','Grazhdanskoye','Female',NULL,NULL,NULL,NULL,NULL,NULL),(167,'11084-147','Gretal Brooksbank','2001-01-11','gbrooksbank4m@booking.com','54491 Spenser Place','Realeza','Female',NULL,NULL,NULL,NULL,NULL,NULL),(168,'58414-3503','Andy Shrubb','1999-11-22','ashrubb4n@google.com.hk','5674 Sunfield Center','Sangmélima','Male',NULL,NULL,NULL,NULL,NULL,NULL),(169,'0268-1120','Hastings Bamber','1997-05-07','hbamber4o@comsenz.com','635 Bay Circle','Mānānwāla','Male',NULL,NULL,NULL,NULL,NULL,NULL),(170,'68788-0134','Niall McKnish','2005-12-09','nmcknish4p@yelp.com','644 Bellgrove Place','Yushan','Male',NULL,NULL,NULL,NULL,NULL,NULL),(171,'10267-2691','Luci Dimmock','1991-11-24','ldimmock4q@wikimedia.org','08145 Waxwing Plaza','Hengtang','Female',NULL,NULL,NULL,NULL,NULL,NULL),(172,'13107-007','Sylvester Rathmell','2006-01-14','srathmell4r@privacy.gov.au','75 Eastwood Place','Dobre Miasto','Male',NULL,NULL,NULL,NULL,NULL,NULL),(173,'36987-1314','Robin Minghetti','1996-07-16','rminghetti4s@geocities.com','92 Mallory Avenue','Zbrosławice','Female',NULL,NULL,NULL,NULL,NULL,NULL),(174,'0378-1821','Wilone Lyste','1996-02-24','wlyste4t@weather.com','4271 Doe Crossing Way','Ningyuan','Female',NULL,NULL,NULL,NULL,NULL,NULL),(175,'35356-736','Sloan Beckham','2001-01-21','sbeckham4u@cbslocal.com','46 Grim Circle','Mibu','Male',NULL,NULL,NULL,NULL,NULL,NULL),(176,'49349-903','Brunhilde Alpin','2000-06-10','balpin4v@berkeley.edu','7 Magdeline Point','Skene','Female',NULL,NULL,NULL,NULL,NULL,NULL),(177,'0409-2312','Kathe MacAllan','2009-06-08','kmacallan4w@bravesites.com','10 Buhler Court','Mandráki','Female',NULL,NULL,NULL,NULL,NULL,NULL),(178,'66336-430','Felisha Cheak','1998-04-21','fcheak4x@psu.edu','98 Kings Trail','Kusheriki','Female',NULL,NULL,NULL,NULL,NULL,NULL),(179,'0591-3330','Arte Bryns','1992-10-26','abryns4y@cam.ac.uk','307 North Center','Saipan','Polygender',NULL,NULL,NULL,NULL,NULL,NULL),(180,'36987-1121','Vasilis Pledge','2002-03-23','vpledge4z@newyorker.com','6 Mariners Cove Point','Bang Racham','Male',NULL,NULL,NULL,NULL,NULL,NULL),(181,'36987-2451','Farrell Fortey','2002-12-16','ffortey50@godaddy.com','363 Welch Avenue','Ocuviri','Male',NULL,NULL,NULL,NULL,NULL,NULL),(182,'49035-101','Winny Heardman','2004-04-09','wheardman51@theatlantic.com','84168 Saint Paul Court','Senlis','Male',NULL,NULL,NULL,NULL,NULL,NULL),(183,'49348-123','Franz McAughtrie','2003-08-15','fmcaughtrie52@ucoz.com','91222 Bunting Point','Lubasz','Male',NULL,NULL,NULL,NULL,NULL,NULL),(184,'63323-117','Aurora Glazer','2008-02-04','aglazer53@sogou.com','44 Swallow Circle','Nanling','Female',NULL,NULL,NULL,NULL,NULL,NULL),(185,'48951-5024','Adan Menicomb','1994-02-02','amenicomb54@imageshack.us','7 Sloan Avenue','Sakerta Timur','Female',NULL,NULL,NULL,NULL,NULL,NULL),(186,'51824-033','Kai Rounce','2008-04-02','krounce55@pbs.org','182 Sachs Alley','Sabanalarga','Female',NULL,NULL,NULL,NULL,NULL,NULL),(187,'68788-9015','Kerby Hasell','2000-03-01','khasell56@cbsnews.com','80216 Fairfield Center','Jõhvi','Agender',NULL,NULL,NULL,NULL,NULL,NULL),(188,'10237-827','Neddie Juleff','1997-08-04','njuleff57@netvibes.com','3273 Jenifer Court','Talhār','Male',NULL,NULL,NULL,NULL,NULL,NULL),(189,'51079-684','Westleigh Gorvin','2000-01-11','wgorvin58@imageshack.us','52 Clarendon Circle','Umeå','Male',NULL,NULL,NULL,NULL,NULL,NULL),(190,'64205-005','Dasi Drepp','1996-09-18','ddrepp59@blinklist.com','2 Lyons Hill','Babantar','Female',NULL,NULL,NULL,NULL,NULL,NULL),(191,'76097-002','Ody Slinger','2010-10-13','oslinger5a@google.com.hk','9 Waywood Way','Emmeloord','Bigender',NULL,NULL,NULL,NULL,NULL,NULL),(192,'20276-157','Wadsworth Pockett','1998-01-09','wpockett5b@wunderground.com','361 Bluejay Center','Meijiang','Male',NULL,NULL,NULL,NULL,NULL,NULL),(193,'67046-114','Beniamino Lebarree','2003-03-28','blebarree5c@yahoo.com','4 Continental Circle','Yasynuvata','Male',NULL,NULL,NULL,NULL,NULL,NULL),(194,'55118-571','Edd Week','2010-05-08','eweek5d@yandex.ru','1029 Nova Lane','Tiaong','Male',NULL,NULL,NULL,NULL,NULL,NULL),(195,'52533-211','Cristen Micklewright','2000-10-29','cmicklewright5e@reference.com','927 Shopko Plaza','Lékhaio','Female',NULL,NULL,NULL,NULL,NULL,NULL),(196,'62003-001','Veradis Yukhin','2001-12-09','vyukhin5f@guardian.co.uk','118 Pawling Crossing','Estancia','Female',NULL,NULL,NULL,NULL,NULL,NULL),(197,'10370-219','Emmy Studd','2009-07-10','estudd5g@goo.ne.jp','47 Dexter Park','Osek nad Bečvou','Male',NULL,NULL,NULL,NULL,NULL,NULL),(198,'57955-2331','Abbot Sinkins','1999-09-08','asinkins5h@ft.com','55 Anniversary Parkway','Ihosy','Male',NULL,NULL,NULL,NULL,NULL,NULL),(199,'50114-1180','Jasmin Moran','1998-08-27','jmoran5i@eepurl.com','375 Dryden Lane','Tocok','Female',NULL,NULL,NULL,NULL,NULL,NULL),(200,'63739-529','Abbie Darrigrand','1994-05-16','adarrigrand5j@reference.com','6803 Elka Court','Yujiawu','Female',NULL,NULL,NULL,NULL,NULL,NULL),(210,NULL,NULL,NULL,NULL,NULL,NULL,NULL,NULL,NULL,NULL,NULL,'2023-03-12 18:32:41','2023-03-12 18:32:41'),(211,NULL,NULL,NULL,NULL,NULL,NULL,NULL,NULL,NULL,NULL,NULL,'2023-03-12 18:34:12','2023-03-12 18:34:12'),(212,NULL,NULL,NULL,NULL,NULL,NULL,NULL,NULL,NULL,NULL,NULL,'2023-03-12 18:37:44','2023-03-12 18:37:44'),(213,NULL,NULL,NULL,NULL,NULL,NULL,NULL,NULL,NULL,NULL,NULL,'2023-03-12 18:38:24','2023-03-12 18:38:24'),(214,NULL,NULL,NULL,NULL,NULL,NULL,NULL,NULL,NULL,NULL,NULL,'2023-03-12 19:28:07','2023-03-12 19:28:07'),(215,NULL,'1232321',NULL,NULL,NULL,NULL,NULL,NULL,'active',NULL,NULL,'2023-03-12 19:37:49','2023-03-12 19:37:49'),(216,NULL,'1232321',NULL,NULL,NULL,NULL,NULL,NULL,'active',NULL,NULL,'2023-03-12 19:41:17','2023-03-12 19:41:17');
/*!40000 ALTER TABLE `student` ENABLE KEYS */;
UNLOCK TABLES;

--
-- Table structure for table `student_course`
--

DROP TABLE IF EXISTS `student_course`;
/*!40101 SET @saved_cs_client     = @@character_set_client */;
/*!50503 SET character_set_client = utf8mb4 */;
CREATE TABLE `student_course` (
  `id` int NOT NULL AUTO_INCREMENT,
  `student_id` int DEFAULT NULL,
  `course_id` int DEFAULT NULL,
  `lesson_id` int DEFAULT NULL,
  `created_by` varchar(50) DEFAULT NULL,
  `last_modified_by` varchar(50) DEFAULT NULL,
  `created_at` timestamp NULL DEFAULT NULL,
  `last_modified_at` timestamp NULL DEFAULT NULL,
  PRIMARY KEY (`id`),
  KEY `student_idx` (`student_id`),
  KEY `course_idx` (`course_id`),
  KEY `lesson_idx` (`lesson_id`),
  CONSTRAINT `course_id_c` FOREIGN KEY (`course_id`) REFERENCES `course` (`id`),
  CONSTRAINT `lesson_id_c` FOREIGN KEY (`lesson_id`) REFERENCES `lesson` (`id`),
  CONSTRAINT `student_id_c` FOREIGN KEY (`student_id`) REFERENCES `student` (`id`)
) ENGINE=InnoDB AUTO_INCREMENT=112 DEFAULT CHARSET=utf8mb4 COLLATE=utf8mb4_0900_ai_ci;
/*!40101 SET character_set_client = @saved_cs_client */;

--
-- Dumping data for table `student_course`
--

LOCK TABLES `student_course` WRITE;
/*!40000 ALTER TABLE `student_course` DISABLE KEYS */;
INSERT INTO `student_course` VALUES (1,1,1,NULL,NULL,NULL,NULL,NULL),(2,1,2,NULL,NULL,NULL,NULL,NULL),(3,1,3,NULL,NULL,NULL,NULL,NULL),(4,7,1,NULL,NULL,NULL,NULL,NULL),(5,7,2,NULL,NULL,NULL,NULL,NULL),(6,2,1,NULL,NULL,NULL,NULL,NULL),(7,2,3,NULL,NULL,NULL,NULL,NULL),(8,3,4,NULL,NULL,NULL,NULL,NULL),(9,4,5,NULL,NULL,NULL,NULL,NULL),(10,5,4,NULL,NULL,NULL,NULL,NULL),(11,6,7,NULL,NULL,NULL,NULL,NULL),(12,7,1,NULL,NULL,NULL,NULL,NULL),(13,8,22,NULL,NULL,NULL,NULL,NULL),(48,1,37,NULL,NULL,NULL,NULL,NULL),(49,2,37,NULL,NULL,NULL,NULL,NULL),(50,3,37,NULL,NULL,NULL,NULL,NULL),(51,2,38,NULL,NULL,NULL,NULL,NULL),(52,3,38,NULL,NULL,NULL,NULL,NULL),(53,5,38,NULL,NULL,NULL,NULL,NULL),(54,7,38,NULL,NULL,NULL,NULL,NULL),(55,10,38,NULL,NULL,NULL,NULL,NULL),(56,12,38,NULL,NULL,NULL,NULL,NULL),(57,15,38,NULL,NULL,NULL,NULL,NULL),(58,3,39,NULL,NULL,NULL,NULL,NULL),(59,8,39,NULL,NULL,NULL,NULL,NULL),(60,13,39,NULL,NULL,NULL,NULL,NULL),(61,21,39,NULL,NULL,NULL,NULL,NULL),(62,22,40,NULL,NULL,NULL,NULL,NULL),(63,25,40,NULL,NULL,NULL,NULL,NULL),(64,27,40,NULL,NULL,NULL,NULL,NULL),(65,39,40,NULL,NULL,NULL,NULL,NULL),(66,30,40,NULL,NULL,NULL,NULL,NULL),(67,1,41,NULL,NULL,NULL,NULL,NULL),(68,2,41,NULL,NULL,NULL,NULL,NULL),(69,4,42,NULL,NULL,NULL,NULL,NULL),(70,6,42,NULL,NULL,NULL,NULL,NULL),(71,8,42,NULL,NULL,NULL,NULL,NULL),(72,9,42,NULL,NULL,NULL,NULL,NULL),(73,11,42,NULL,NULL,NULL,NULL,NULL),(74,13,42,NULL,NULL,NULL,NULL,NULL),(75,15,43,NULL,NULL,NULL,NULL,NULL),(76,17,43,NULL,NULL,NULL,NULL,NULL),(77,21,43,NULL,NULL,NULL,NULL,NULL),(78,22,43,NULL,NULL,NULL,NULL,NULL),(79,23,44,NULL,NULL,NULL,NULL,NULL),(80,24,44,NULL,NULL,NULL,NULL,NULL),(81,28,44,NULL,NULL,NULL,NULL,NULL),(82,29,45,NULL,NULL,NULL,NULL,NULL),(83,31,45,NULL,NULL,NULL,NULL,NULL),(84,33,46,NULL,NULL,NULL,NULL,NULL),(85,1,46,NULL,NULL,NULL,NULL,NULL),(86,2,46,NULL,NULL,NULL,NULL,NULL),(87,5,46,NULL,NULL,NULL,NULL,NULL),(88,6,46,NULL,NULL,NULL,NULL,NULL),(89,7,46,NULL,NULL,NULL,NULL,NULL),(90,8,46,NULL,NULL,NULL,NULL,NULL),(91,13,47,NULL,NULL,NULL,NULL,NULL),(92,15,47,NULL,NULL,NULL,NULL,NULL),(93,22,47,NULL,NULL,NULL,NULL,NULL),(94,23,47,NULL,NULL,NULL,NULL,NULL),(95,25,47,NULL,NULL,NULL,NULL,NULL),(96,1,4,NULL,NULL,NULL,'2023-03-06 21:36:42','2023-03-06 21:36:42'),(97,1,5,NULL,NULL,NULL,'2023-03-06 21:36:46','2023-03-06 21:36:46'),(98,3,1,NULL,NULL,NULL,'2023-03-07 08:54:01','2023-03-07 08:54:01'),(99,3,2,NULL,NULL,NULL,'2023-03-07 08:54:02','2023-03-07 08:54:02'),(100,4,1,NULL,NULL,NULL,'2023-03-07 09:32:48','2023-03-07 09:32:48'),(101,4,3,NULL,NULL,NULL,'2023-03-07 09:40:22','2023-03-07 09:40:22'),(102,4,2,NULL,NULL,NULL,'2023-03-07 09:50:53','2023-03-07 09:50:53'),(103,3,20,NULL,NULL,NULL,'2023-03-07 18:13:30','2023-03-07 18:13:30'),(104,1,12,NULL,NULL,NULL,'2023-03-10 07:42:12','2023-03-10 07:42:12'),(105,1,85,NULL,NULL,NULL,'2023-03-10 08:13:09','2023-03-10 08:13:09'),(106,1,19,NULL,NULL,NULL,'2023-03-12 18:39:19','2023-03-12 18:39:19'),(107,3,23,NULL,NULL,NULL,'2023-03-12 19:00:20','2023-03-12 19:00:20'),(108,2,18,NULL,NULL,NULL,'2023-03-13 20:22:55','2023-03-13 20:22:55'),(109,4,92,NULL,NULL,NULL,'2023-03-14 07:08:51','2023-03-14 07:08:51'),(110,4,15,NULL,NULL,NULL,'2023-03-14 07:22:52','2023-03-14 07:22:52'),(111,3,19,NULL,NULL,NULL,'2023-03-14 07:47:57','2023-03-14 07:47:57');
/*!40000 ALTER TABLE `student_course` ENABLE KEYS */;
UNLOCK TABLES;

--
-- Table structure for table `student_lesson`
--

DROP TABLE IF EXISTS `student_lesson`;
/*!40101 SET @saved_cs_client     = @@character_set_client */;
/*!50503 SET character_set_client = utf8mb4 */;
CREATE TABLE `student_lesson` (
  `id` int NOT NULL AUTO_INCREMENT,
  `student_id` int DEFAULT NULL,
  `lesson_id` int DEFAULT NULL,
  `status` varchar(50) DEFAULT NULL,
  `created_by` varchar(50) DEFAULT NULL,
  `last_modified_by` varchar(50) DEFAULT NULL,
  `created_at` timestamp NULL DEFAULT NULL,
  `last_modified_at` timestamp NULL DEFAULT NULL,
  PRIMARY KEY (`id`),
  KEY `student_idsx` (`student_id`),
  KEY `lessonx` (`lesson_id`),
  CONSTRAINT `lesson_idsl` FOREIGN KEY (`lesson_id`) REFERENCES `lesson` (`id`),
  CONSTRAINT `student_idsl` FOREIGN KEY (`student_id`) REFERENCES `student` (`id`)
) ENGINE=InnoDB DEFAULT CHARSET=utf8mb4 COLLATE=utf8mb4_0900_ai_ci;
/*!40101 SET character_set_client = @saved_cs_client */;

--
-- Dumping data for table `student_lesson`
--

LOCK TABLES `student_lesson` WRITE;
/*!40000 ALTER TABLE `student_lesson` DISABLE KEYS */;
/*!40000 ALTER TABLE `student_lesson` ENABLE KEYS */;
UNLOCK TABLES;

--
-- Table structure for table `teacher`
--

DROP TABLE IF EXISTS `teacher`;
/*!40101 SET @saved_cs_client     = @@character_set_client */;
/*!50503 SET character_set_client = utf8mb4 */;
CREATE TABLE `teacher` (
  `id` int NOT NULL AUTO_INCREMENT,
  `teacher_code` varchar(50) DEFAULT NULL,
  `name` varchar(50) DEFAULT NULL,
  `birth_date` date DEFAULT NULL,
  `email` varchar(100) DEFAULT NULL,
  `phone_number` varchar(100) DEFAULT NULL,
  `address` varchar(100) DEFAULT NULL,
  `city` varchar(100) DEFAULT NULL,
  `avatar` varchar(500) DEFAULT NULL,
  `status` varchar(20) DEFAULT NULL,
  `created_by` varchar(50) DEFAULT NULL,
  `last_modified_by` varchar(50) DEFAULT NULL,
  `created_at` timestamp NULL DEFAULT NULL,
  `last_modified_at` timestamp NULL DEFAULT NULL,
  `title` varchar(45) DEFAULT NULL,
  `description` varchar(2000) DEFAULT NULL,
  PRIMARY KEY (`id`)
) ENGINE=InnoDB AUTO_INCREMENT=204 DEFAULT CHARSET=utf8mb4 COLLATE=utf8mb4_0900_ai_ci;
/*!40101 SET character_set_client = @saved_cs_client */;

--
-- Dumping data for table `teacher`
--

LOCK TABLES `teacher` WRITE;
/*!40000 ALTER TABLE `teacher` DISABLE KEYS */;
INSERT INTO `teacher` VALUES (1,'68180-210','Maison McNee','2004-07-29','mmcnee0@t.co','7675642155','524 Anthes Center','Zhaike','https://robohash.org/voluptatibusipsavoluptas.png?size=50x50&set=set1','active',NULL,NULL,NULL,NULL,'Honorable','Quisque id justo sit amet sapien dignissim vestibulum. Vestibulum ante ipsum primis in faucibus orci luctus et ultrices posuere cubilia Curae; Nulla dapibus dolor vel est. Donec odio justo, sollicitudin ut, suscipit a, feugiat et, eros. Vestibulum ac est lacinia nisi venenatis tristique. Fusce congue, diam id ornare imperdiet, sapien urna pretium nisl, ut volutpat sapien arcu sed augue.'),(2,'57520-0703','Ulrikaumeko Prandoni','1986-06-18','uprandoni1@springer.com','5662985615','52472 Kropf Road','Kéfalos','https://robohash.org/dolorquodmolestiae.png?size=50x50&set=set1','active',NULL,NULL,NULL,NULL,'Rev',NULL),(3,'63868-067','Camala McPhilip','1994-06-16','cmcphilip2@ifeng.com','3971375375','9 Hagan Street','Oenpeotnai','https://robohash.org/quaeratquaeprovident.png?size=50x50&set=set1','active',NULL,NULL,NULL,NULL,'Ms',NULL),(4,'76204-200','Kerrill Hayhoe','2015-02-08','khayhoe3@dion.ne.jp','6195932942','228 1st Plaza','Gierałtowice','https://robohash.org/veritatisearumquia.png?size=50x50&set=set1','active',NULL,NULL,NULL,NULL,'Mr',NULL),(5,'63843-465','Ha Noi University Of Science and Technology','1956-10-15','','','1, Đại Cồ Việt, Bách Khoa, Hai Bà Trưng','Hà Nội','https://storage.googleapis.com/hust-files/5807675312963584/images/hust-logo-official_.3m.jpegsize=50x50&set=set1','active',NULL,NULL,NULL,NULL,'Institute','Từ khi thành lập năm 1956, các thế hệ giảng viên và cán bộ ĐHBK Hà Nội luôn tận tụy cống hiến cho sứ mạng nghiên cứu phát triển tri thức và đào tạo những con người ưu tú, phục vụ xã hội và đất nước. Sự đóng góp lớn lao của đội ngũ hàng trăm ngàn cựu sinh viên, những người đã và đang nắm giữ nhiều vị trí quan trọng trong hầu hết các lĩnh vực của nền kinh tế-xã hội, đặc biệt trong các lĩnh vực công nghiệp và giáo dục-đào tạo, đã làm nên danh tiếng ĐHBK Hà Nội ngày nay.'),(6,'0264-3175','Cassi Saveall','1988-09-27','csaveall5@indiegogo.com','3861145905','75 Delladonna Point','Haapsalu','https://robohash.org/doloretearum.png?size=50x50&set=set1','active',NULL,NULL,NULL,NULL,'Mrs',NULL),(7,'0404-0360','Paolina Leadbeater','1991-10-08','pleadbeater6@nbcnews.com','5719887995','91805 Sycamore Hill','Wuyun','https://robohash.org/nobisharumerror.png?size=50x50&set=set1','active',NULL,NULL,NULL,NULL,'Dr',NULL),(8,'50597-010','Kelcey Rutherforth','1999-07-20','krutherforth7@tinypic.com','3961462311','9 Lukken Street','Borzęta','https://robohash.org/porroquasiimpedit.png?size=50x50&set=set1','active',NULL,NULL,NULL,NULL,'Mrs',NULL),(9,'64536-8730','Garry Furze','1987-01-28','gfurze8@shutterfly.com','5564086351','23 Buhler Park','Umm as Summāq','https://robohash.org/quoseaquequo.png?size=50x50&set=set1',NULL,NULL,NULL,NULL,NULL,'Honorable',NULL),(10,'54569-2146','Annemarie Kowalski','2012-05-18','akowalski9@paypal.com','8333052545','179 Cascade Terrace','Gancheng','https://robohash.org/sequisedmodi.png?size=50x50&set=set1',NULL,NULL,NULL,NULL,NULL,'Mrs',NULL),(11,'41250-918','Sena Crolly','2007-04-24','scrollya@aboutads.info','7092303882','29204 Packers Drive','Sutton','https://robohash.org/molestiaeeosaliquid.png?size=50x50&set=set1',NULL,NULL,NULL,NULL,NULL,'Rev',NULL),(12,'21695-035','Pavlov Kubek','1984-11-26','pkubekb@creativecommons.org','8581343190','26149 Logan Park','Safonovo','https://robohash.org/ullamdoloresoptio.png?size=50x50&set=set1',NULL,NULL,NULL,NULL,NULL,'Ms',NULL),(13,'0591-3774','Lorianne Mander','1999-08-20','lmanderc@chron.com','3863631094','830 Shelley Circle','Mbanza-Ngungu','https://robohash.org/nesciuntametvoluptas.png?size=50x50&set=set1',NULL,NULL,NULL,NULL,NULL,'Rev',NULL),(14,'49702-225','Caron Samme','2008-04-09','csammed@arizona.edu','4107395640','81692 Gina Circle','Lanjaghbyur','https://robohash.org/vitaeestaccusantium.png?size=50x50&set=set1',NULL,NULL,NULL,NULL,NULL,'Mr',NULL),(15,'76151-251','Rebekkah Pacquet','2010-11-22','rpacquete@census.gov','9358019148','07884 Orin Junction','Zaragoza','https://robohash.org/consequaturautvitae.png?size=50x50&set=set1',NULL,NULL,NULL,NULL,NULL,'Dr',NULL),(16,'67046-274','Eachelle Rosenblad','1984-07-24','erosenbladf@yolasite.com','7418018871','79 Veith Plaza','Fylí','https://robohash.org/inciduntipsumaliquid.png?size=50x50&set=set1',NULL,NULL,NULL,NULL,NULL,'Ms',NULL),(17,'65954-549','Tristan Scinelli','1988-01-26','tscinellig@issuu.com','1122347647','3 Lake View Terrace','Norrköping','https://robohash.org/molestiaelaborenon.png?size=50x50&set=set1',NULL,NULL,NULL,NULL,NULL,'Mr',NULL),(18,'11704-370','Noni Velareal','1984-10-31','nvelarealh@pcworld.com','8379940733','3 Saint Paul Street','Kadubadak','https://robohash.org/molestiaeliberoomnis.png?size=50x50&set=set1',NULL,NULL,NULL,NULL,NULL,'Dr',NULL),(19,'16714-293','Misha Domel','1996-04-06','mdomeli@japanpost.jp','5093068103','00991 Graedel Crossing','Maroantsetra','https://robohash.org/sedlaudantiumqui.png?size=50x50&set=set1',NULL,NULL,NULL,NULL,NULL,'Rev',NULL),(20,'64720-238','Hettie Tregent','1992-07-27','htregentj@unc.edu','3572423871','9924 Cordelia Drive','Paoay','https://robohash.org/illoearumdeserunt.png?size=50x50&set=set1',NULL,NULL,NULL,NULL,NULL,'Mr',NULL),(21,'67046-092','Monique Heskin','1997-02-04','mheskink@forbes.com','9024483452','65 Logan Avenue','København','https://robohash.org/autexaccusantium.png?size=50x50&set=set1',NULL,NULL,NULL,NULL,NULL,'Mr',NULL),(22,'0555-0589','Del Bloan','1984-12-03','dbloanl@google.cn','8895633238','5 Amoth Alley','Baocun','https://robohash.org/ullamquianatus.png?size=50x50&set=set1',NULL,NULL,NULL,NULL,NULL,'Ms',NULL),(23,'16252-591','Pooh Dunks','1988-11-20','pdunksm@google.ca','3665529818','0524 Independence Plaza','Huanghai','https://robohash.org/dictaesseet.png?size=50x50&set=set1',NULL,NULL,NULL,NULL,NULL,'Mrs',NULL),(24,'68007-203','Vikky Eisold','2006-06-21','veisoldn@amazon.de','5631558887','32076 Aberg Crossing','Papineauville','https://robohash.org/placeatdolorequas.png?size=50x50&set=set1',NULL,NULL,NULL,NULL,NULL,'Mrs',NULL),(25,'58232-0303','Clayton Grassett','1990-03-03','cgrassetto@google.de','6936693024','49722 Loeprich Terrace','Lourdes','https://robohash.org/undehicet.png?size=50x50&set=set1',NULL,NULL,NULL,NULL,NULL,'Ms',NULL),(26,'66915-531','Dagny Brumhead','2007-12-16','dbrumheadp@zimbio.com','3909659818','828 Red Cloud Circle','Cassanayan','https://robohash.org/expeditavoluptatibusex.png?size=50x50&set=set1',NULL,NULL,NULL,NULL,NULL,'Dr',NULL),(27,'63029-322','Olivia Bredee','1994-02-04','obredeeq@pinterest.com','7384376431','56 Evergreen Parkway','Kolumbug','https://robohash.org/vitaeculpaaccusamus.png?size=50x50&set=set1',NULL,NULL,NULL,NULL,NULL,'Mrs',NULL),(28,'61744-050','Gina Heinzler','1986-04-27','gheinzlerr@reuters.com','1779810996','10 Sutherland Plaza','Shangkuli','https://robohash.org/consequaturfacereet.png?size=50x50&set=set1',NULL,NULL,NULL,NULL,NULL,'Dr',NULL),(29,'43353-933','Forrest Waldock','1990-12-11','fwaldocks@ask.com','4381301442','0 Lakeland Trail','Calachuchi','https://robohash.org/perspiciatisexpeditaautem.png?size=50x50&set=set1',NULL,NULL,NULL,NULL,NULL,'Dr',NULL),(30,'27437-107','Billy Felder','2001-01-04','bfeldert@cbsnews.com','5823022528','8486 Pennsylvania Court','Pakuncen','https://robohash.org/uteligendidolor.png?size=50x50&set=set1',NULL,NULL,NULL,NULL,NULL,'Dr',NULL),(31,'62750-041','Gwynne Strawbridge','2002-05-08','gstrawbridgeu@a8.net','5713920909','7403 Park Meadow Point','Tomice','https://robohash.org/velveritatisconsequatur.png?size=50x50&set=set1',NULL,NULL,NULL,NULL,NULL,'Mr',NULL),(32,'10424-161','Barry Rutty','2000-03-20','bruttyv@bloglines.com','3245031987','1 Fair Oaks Plaza','Bunder','https://robohash.org/numquamdistinctioaperiam.png?size=50x50&set=set1',NULL,NULL,NULL,NULL,NULL,'Honorable',NULL),(33,'58930-022','Shanie Hairs','1992-04-21','shairsw@jimdo.com','1562755948','82360 Mcbride Road','Chironkamba','https://robohash.org/quohicet.png?size=50x50&set=set1',NULL,NULL,NULL,NULL,NULL,'Mr',NULL),(34,'61625-688','Ainsley Kingsnode','1990-11-14','akingsnodex@sakura.ne.jp','9745282060','5612 Union Road','Mayskiy','https://robohash.org/earumvelquis.png?size=50x50&set=set1',NULL,NULL,NULL,NULL,NULL,'Rev',NULL),(35,'37808-413','Dean Landal','2000-05-14','dlandaly@comcast.net','2124777930','00532 Walton Way','Tenggun Dajah','https://robohash.org/veritatiseosest.png?size=50x50&set=set1',NULL,NULL,NULL,NULL,NULL,'Mr',NULL),(36,'57955-5275','Cosetta Nye','1996-12-07','cnyez@zdnet.com','9899852041','854 Linden Pass','Sabang','https://robohash.org/numquamaccusamusest.png?size=50x50&set=set1',NULL,NULL,NULL,NULL,NULL,'Dr',NULL),(37,'36987-1809','Wallas Nock','1995-04-04','wnock10@usnews.com','1977362564','2 Pawling Parkway','Dschang','https://robohash.org/omnisvoluptatibusquia.png?size=50x50&set=set1',NULL,NULL,NULL,NULL,NULL,'Dr',NULL),(38,'59021-004','Althea Fiddymont','2015-06-12','afiddymont11@sohu.com','9746274127','31967 Helena Parkway','Jati','https://robohash.org/namdoloremnesciunt.png?size=50x50&set=set1',NULL,NULL,NULL,NULL,NULL,'Dr',NULL),(39,'10019-926','Quinlan Hancell','1994-06-24','qhancell12@google.com','3474812819','379 Lunder Plaza','Cikulina','https://robohash.org/sapientefuganulla.png?size=50x50&set=set1',NULL,NULL,NULL,NULL,NULL,'Ms',NULL),(40,'55513-956','Thorn Tomkin','1998-06-14','ttomkin13@wordpress.org','6741980483','020 Melvin Pass','Morinville','https://robohash.org/voluptaseosaperiam.png?size=50x50&set=set1',NULL,NULL,NULL,NULL,NULL,'Honorable',NULL),(41,'68001-232','Deanne Allsebrook','2001-12-18','dallsebrook14@storify.com','2669987782','1563 Darwin Alley','Delgado','https://robohash.org/itaquelaboriosamsit.png?size=50x50&set=set1',NULL,NULL,NULL,NULL,NULL,'Dr',NULL),(42,'65044-5209','Yves Danter','1983-02-13','ydanter15@netscape.com','9337968974','626 Hollow Ridge Parkway','Kafr Takhārīm','https://robohash.org/etquiplaceat.png?size=50x50&set=set1',NULL,NULL,NULL,NULL,NULL,'Ms',NULL),(43,'43063-460','Archy Jobbins','1985-07-20','ajobbins16@examiner.com','6175058072','838 Oakridge Crossing','Boston','https://robohash.org/dolorquinobis.png?size=50x50&set=set1',NULL,NULL,NULL,NULL,NULL,'Mr',NULL),(44,'49349-361','Noble Archdeacon','2010-08-30','narchdeacon17@reuters.com','8978592588','89975 Daystar Center','Maliiha','https://robohash.org/etsedvoluptate.png?size=50x50&set=set1',NULL,NULL,NULL,NULL,NULL,'Rev',NULL),(45,'11523-4335','Loren Hysom','1995-04-20','lhysom18@nationalgeographic.com','7656083307','8853 Crownhardt Center','Bry-sur-Marne','https://robohash.org/suntquisest.png?size=50x50&set=set1',NULL,NULL,NULL,NULL,NULL,'Ms',NULL),(46,'0591-5694','Dun Raw','2005-04-03','draw19@mozilla.com','7181379196','8504 Clove Park','Baishui','https://robohash.org/inautvoluptas.png?size=50x50&set=set1',NULL,NULL,NULL,NULL,NULL,'Mrs',NULL),(47,'49738-647','Stephi Shillingford','2015-11-12','sshillingford1a@vistaprint.com','5736133613','52415 Old Shore Hill','Qal‘ah-ye Na‘īm','https://robohash.org/exquisquamdebitis.png?size=50x50&set=set1',NULL,NULL,NULL,NULL,NULL,'Mrs',NULL),(48,'36800-254','Odey McTerrelly','2002-10-11','omcterrelly1b@sphinn.com','8717742424','6495 Cody Way','Vitry-sur-Seine','https://robohash.org/possimusautaut.png?size=50x50&set=set1',NULL,NULL,NULL,NULL,NULL,'Ms',NULL),(49,'0143-9933','Stanislas Vanini','1989-11-03','svanini1c@sitemeter.com','4713798342','7706 Grayhawk Court','Wu’an','https://robohash.org/estinciduntquam.png?size=50x50&set=set1',NULL,NULL,NULL,NULL,NULL,'Dr',NULL),(50,'63323-466','Arlen Nursey','2007-04-13','anursey1d@feedburner.com','7227907194','9 Surrey Road','Perzów','https://robohash.org/quibusdamveritatisincidunt.png?size=50x50&set=set1',NULL,NULL,NULL,NULL,NULL,'Dr',NULL),(51,NULL,NULL,NULL,NULL,NULL,NULL,NULL,NULL,'active',NULL,NULL,NULL,NULL,NULL,NULL),(52,NULL,NULL,NULL,NULL,NULL,NULL,NULL,NULL,NULL,NULL,NULL,NULL,NULL,NULL,'Suspendisse potenti. Cras in purus eu magna vulputate luctus.'),(53,NULL,NULL,NULL,NULL,NULL,NULL,NULL,NULL,NULL,NULL,NULL,NULL,NULL,NULL,'Sed sagittis.'),(54,NULL,NULL,NULL,NULL,NULL,NULL,NULL,NULL,NULL,NULL,NULL,NULL,NULL,NULL,'Duis ac nibh. Fusce lacus purus, aliquet at, feugiat non, pretium quis, lectus.'),(55,NULL,NULL,NULL,NULL,NULL,NULL,NULL,NULL,NULL,NULL,NULL,NULL,NULL,NULL,'Nulla nisl. Nunc nisl. Duis bibendum, felis sed interdum venenatis, turpis enim blandit mi, in porttitor pede justo eu massa.'),(56,NULL,NULL,NULL,NULL,NULL,NULL,NULL,NULL,NULL,NULL,NULL,NULL,NULL,NULL,'Donec diam neque, vestibulum eget, vulputate ut, ultrices vel, augue. Vestibulum ante ipsum primis in faucibus orci luctus et ultrices posuere cubilia Curae; Donec pharetra, magna vestibulum aliquet ultrices, erat tortor sollicitudin mi, sit amet lobortis sapien sapien non mi. Integer ac neque. Duis bibendum. Morbi non quam nec dui luctus rutrum. Nulla tellus.'),(57,NULL,NULL,NULL,NULL,NULL,NULL,NULL,NULL,NULL,NULL,NULL,NULL,NULL,NULL,'Cum sociis natoque penatibus et magnis dis parturient montes, nascetur ridiculus mus. Vivamus vestibulum sagittis sapien. Cum sociis natoque penatibus et magnis dis parturient montes, nascetur ridiculus mus.'),(58,NULL,NULL,NULL,NULL,NULL,NULL,NULL,NULL,NULL,NULL,NULL,NULL,NULL,NULL,'Duis bibendum. Morbi non quam nec dui luctus rutrum. Nulla tellus.'),(59,NULL,NULL,NULL,NULL,NULL,NULL,NULL,NULL,NULL,NULL,NULL,NULL,NULL,NULL,'Nullam orci pede, venenatis non, sodales sed, tincidunt eu, felis. Fusce posuere felis sed lacus. Morbi sem mauris, laoreet ut, rhoncus aliquet, pulvinar sed, nisl.'),(60,NULL,NULL,NULL,NULL,NULL,NULL,NULL,NULL,NULL,NULL,NULL,NULL,NULL,NULL,'Mauris lacinia sapien quis libero. Nullam sit amet turpis elementum ligula vehicula consequat. Morbi a ipsum.'),(61,NULL,NULL,NULL,NULL,NULL,NULL,NULL,NULL,NULL,NULL,NULL,NULL,NULL,NULL,'In hac habitasse platea dictumst.'),(62,NULL,NULL,NULL,NULL,NULL,NULL,NULL,NULL,NULL,NULL,NULL,NULL,NULL,NULL,'Suspendisse ornare consequat lectus. In est risus, auctor sed, tristique in, tempus sit amet, sem. Fusce consequat. Nulla nisl. Nunc nisl. Duis bibendum, felis sed interdum venenatis, turpis enim blandit mi, in porttitor pede justo eu massa.'),(63,NULL,NULL,NULL,NULL,NULL,NULL,NULL,NULL,NULL,NULL,NULL,NULL,NULL,NULL,'Maecenas pulvinar lobortis est. Phasellus sit amet erat. Nulla tempus. Vivamus in felis eu sapien cursus vestibulum. Proin eu mi. Nulla ac enim.'),(64,NULL,NULL,NULL,NULL,NULL,NULL,NULL,NULL,NULL,NULL,NULL,NULL,NULL,NULL,'Quisque id justo sit amet sapien dignissim vestibulum. Vestibulum ante ipsum primis in faucibus orci luctus et ultrices posuere cubilia Curae; Nulla dapibus dolor vel est. Donec odio justo, sollicitudin ut, suscipit a, feugiat et, eros. Vestibulum ac est lacinia nisi venenatis tristique. Fusce congue, diam id ornare imperdiet, sapien urna pretium nisl, ut volutpat sapien arcu sed augue.'),(65,NULL,NULL,NULL,NULL,NULL,NULL,NULL,NULL,NULL,NULL,NULL,NULL,NULL,NULL,'Pellentesque viverra pede ac diam.'),(66,NULL,NULL,NULL,NULL,NULL,NULL,NULL,NULL,NULL,NULL,NULL,NULL,NULL,NULL,'Integer ac leo.'),(67,NULL,NULL,NULL,NULL,NULL,NULL,NULL,NULL,NULL,NULL,NULL,NULL,NULL,NULL,'Cras mi pede, malesuada in, imperdiet et, commodo vulputate, justo. In blandit ultrices enim. Lorem ipsum dolor sit amet, consectetuer adipiscing elit.'),(68,NULL,NULL,NULL,NULL,NULL,NULL,NULL,NULL,NULL,NULL,NULL,NULL,NULL,NULL,'In tempor, turpis nec euismod scelerisque, quam turpis adipiscing lorem, vitae mattis nibh ligula nec sem. Duis aliquam convallis nunc.'),(69,NULL,NULL,NULL,NULL,NULL,NULL,NULL,NULL,NULL,NULL,NULL,NULL,NULL,NULL,'Quisque ut erat. Curabitur gravida nisi at nibh. In hac habitasse platea dictumst. Aliquam augue quam, sollicitudin vitae, consectetuer eget, rutrum at, lorem.'),(70,NULL,NULL,NULL,NULL,NULL,NULL,NULL,NULL,NULL,NULL,NULL,NULL,NULL,NULL,'Suspendisse potenti. In eleifend quam a odio. In hac habitasse platea dictumst. Maecenas ut massa quis augue luctus tincidunt. Nulla mollis molestie lorem.'),(71,NULL,NULL,NULL,NULL,NULL,NULL,NULL,NULL,NULL,NULL,NULL,NULL,NULL,NULL,'Morbi a ipsum. Integer a nibh. In quis justo. Maecenas rhoncus aliquam lacus. Morbi quis tortor id nulla ultrices aliquet. Maecenas leo odio, condimentum id, luctus nec, molestie sed, justo.'),(72,NULL,NULL,NULL,NULL,NULL,NULL,NULL,NULL,NULL,NULL,NULL,NULL,NULL,NULL,'Fusce posuere felis sed lacus. Morbi sem mauris, laoreet ut, rhoncus aliquet, pulvinar sed, nisl.'),(73,NULL,NULL,NULL,NULL,NULL,NULL,NULL,NULL,NULL,NULL,NULL,NULL,NULL,NULL,'Vivamus vestibulum sagittis sapien. Cum sociis natoque penatibus et magnis dis parturient montes, nascetur ridiculus mus.'),(74,NULL,NULL,NULL,NULL,NULL,NULL,NULL,NULL,NULL,NULL,NULL,NULL,NULL,NULL,'Duis mattis egestas metus. Aenean fermentum. Donec ut mauris eget massa tempor convallis. Nulla neque libero, convallis eget, eleifend luctus, ultricies eu, nibh. Quisque id justo sit amet sapien dignissim vestibulum. Vestibulum ante ipsum primis in faucibus orci luctus et ultrices posuere cubilia Curae; Nulla dapibus dolor vel est.'),(75,NULL,NULL,NULL,NULL,NULL,NULL,NULL,NULL,NULL,NULL,NULL,NULL,NULL,NULL,'Vestibulum ac est lacinia nisi venenatis tristique.'),(76,NULL,NULL,NULL,NULL,NULL,NULL,NULL,NULL,NULL,NULL,NULL,NULL,NULL,NULL,'Etiam pretium iaculis justo. In hac habitasse platea dictumst. Etiam faucibus cursus urna. Ut tellus. Nulla ut erat id mauris vulputate elementum.'),(77,NULL,NULL,NULL,NULL,NULL,NULL,NULL,NULL,NULL,NULL,NULL,NULL,NULL,NULL,'Duis aliquam convallis nunc. Proin at turpis a pede posuere nonummy. Integer non velit. Donec diam neque, vestibulum eget, vulputate ut, ultrices vel, augue. Vestibulum ante ipsum primis in faucibus orci luctus et ultrices posuere cubilia Curae; Donec pharetra, magna vestibulum aliquet ultrices, erat tortor sollicitudin mi, sit amet lobortis sapien sapien non mi. Integer ac neque.'),(78,NULL,NULL,NULL,NULL,NULL,NULL,NULL,NULL,NULL,NULL,NULL,NULL,NULL,NULL,'Vestibulum rutrum rutrum neque. Aenean auctor gravida sem.'),(79,NULL,NULL,NULL,NULL,NULL,NULL,NULL,NULL,NULL,NULL,NULL,NULL,NULL,NULL,'In congue. Etiam justo. Etiam pretium iaculis justo.'),(80,NULL,NULL,NULL,NULL,NULL,NULL,NULL,NULL,NULL,NULL,NULL,NULL,NULL,NULL,'Aenean fermentum. Donec ut mauris eget massa tempor convallis. Nulla neque libero, convallis eget, eleifend luctus, ultricies eu, nibh. Quisque id justo sit amet sapien dignissim vestibulum.'),(81,NULL,NULL,NULL,NULL,NULL,NULL,NULL,NULL,NULL,NULL,NULL,NULL,NULL,NULL,'Donec diam neque, vestibulum eget, vulputate ut, ultrices vel, augue. Vestibulum ante ipsum primis in faucibus orci luctus et ultrices posuere cubilia Curae; Donec pharetra, magna vestibulum aliquet ultrices, erat tortor sollicitudin mi, sit amet lobortis sapien sapien non mi. Integer ac neque. Duis bibendum. Morbi non quam nec dui luctus rutrum. Nulla tellus.'),(82,NULL,NULL,NULL,NULL,NULL,NULL,NULL,NULL,NULL,NULL,NULL,NULL,NULL,NULL,'Aenean lectus. Pellentesque eget nunc.'),(83,NULL,NULL,NULL,NULL,NULL,NULL,NULL,NULL,NULL,NULL,NULL,NULL,NULL,NULL,'Morbi sem mauris, laoreet ut, rhoncus aliquet, pulvinar sed, nisl. Nunc rhoncus dui vel sem.'),(84,NULL,NULL,NULL,NULL,NULL,NULL,NULL,NULL,NULL,NULL,NULL,NULL,NULL,NULL,'Nullam sit amet turpis elementum ligula vehicula consequat. Morbi a ipsum. Integer a nibh. In quis justo. Maecenas rhoncus aliquam lacus.'),(85,NULL,NULL,NULL,NULL,NULL,NULL,NULL,NULL,NULL,NULL,NULL,NULL,NULL,NULL,'Donec posuere metus vitae ipsum. Aliquam non mauris. Morbi non lectus. Aliquam sit amet diam in magna bibendum imperdiet. Nullam orci pede, venenatis non, sodales sed, tincidunt eu, felis.'),(86,NULL,NULL,NULL,NULL,NULL,NULL,NULL,NULL,NULL,NULL,NULL,NULL,NULL,NULL,'Praesent blandit. Nam nulla.'),(87,NULL,NULL,NULL,NULL,NULL,NULL,NULL,NULL,NULL,NULL,NULL,NULL,NULL,NULL,'Aliquam sit amet diam in magna bibendum imperdiet. Nullam orci pede, venenatis non, sodales sed, tincidunt eu, felis. Fusce posuere felis sed lacus.'),(88,NULL,NULL,NULL,NULL,NULL,NULL,NULL,NULL,NULL,NULL,NULL,NULL,NULL,NULL,'In hac habitasse platea dictumst. Maecenas ut massa quis augue luctus tincidunt. Nulla mollis molestie lorem. Quisque ut erat. Curabitur gravida nisi at nibh. In hac habitasse platea dictumst.'),(89,NULL,NULL,NULL,NULL,NULL,NULL,NULL,NULL,NULL,NULL,NULL,NULL,NULL,NULL,'Maecenas ut massa quis augue luctus tincidunt. Nulla mollis molestie lorem. Quisque ut erat.'),(90,NULL,NULL,NULL,NULL,NULL,NULL,NULL,NULL,NULL,NULL,NULL,NULL,NULL,NULL,'Quisque id justo sit amet sapien dignissim vestibulum. Vestibulum ante ipsum primis in faucibus orci luctus et ultrices posuere cubilia Curae; Nulla dapibus dolor vel est. Donec odio justo, sollicitudin ut, suscipit a, feugiat et, eros. Vestibulum ac est lacinia nisi venenatis tristique.'),(91,NULL,NULL,NULL,NULL,NULL,NULL,NULL,NULL,NULL,NULL,NULL,NULL,NULL,NULL,'In hac habitasse platea dictumst. Aliquam augue quam, sollicitudin vitae, consectetuer eget, rutrum at, lorem. Integer tincidunt ante vel ipsum. Praesent blandit lacinia erat. Vestibulum sed magna at nunc commodo placerat.'),(92,NULL,NULL,NULL,NULL,NULL,NULL,NULL,NULL,NULL,NULL,NULL,NULL,NULL,NULL,'Morbi non quam nec dui luctus rutrum. Nulla tellus.'),(93,NULL,NULL,NULL,NULL,NULL,NULL,NULL,NULL,NULL,NULL,NULL,NULL,NULL,NULL,'Pellentesque eget nunc. Donec quis orci eget orci vehicula condimentum. Curabitur in libero ut massa volutpat convallis. Morbi odio odio, elementum eu, interdum eu, tincidunt in, leo.'),(94,NULL,NULL,NULL,NULL,NULL,NULL,NULL,NULL,NULL,NULL,NULL,NULL,NULL,NULL,'Morbi porttitor lorem id ligula.'),(95,NULL,NULL,NULL,NULL,NULL,NULL,NULL,NULL,NULL,NULL,NULL,NULL,NULL,NULL,'Nulla neque libero, convallis eget, eleifend luctus, ultricies eu, nibh. Quisque id justo sit amet sapien dignissim vestibulum. Vestibulum ante ipsum primis in faucibus orci luctus et ultrices posuere cubilia Curae; Nulla dapibus dolor vel est. Donec odio justo, sollicitudin ut, suscipit a, feugiat et, eros. Vestibulum ac est lacinia nisi venenatis tristique. Fusce congue, diam id ornare imperdiet, sapien urna pretium nisl, ut volutpat sapien arcu sed augue.'),(96,NULL,NULL,NULL,NULL,NULL,NULL,NULL,NULL,NULL,NULL,NULL,NULL,NULL,NULL,'Suspendisse potenti. Cras in purus eu magna vulputate luctus.'),(97,NULL,NULL,NULL,NULL,NULL,NULL,NULL,NULL,NULL,NULL,NULL,NULL,NULL,NULL,'Mauris enim leo, rhoncus sed, vestibulum sit amet, cursus id, turpis. Integer aliquet, massa id lobortis convallis, tortor risus dapibus augue, vel accumsan tellus nisi eu orci. Mauris lacinia sapien quis libero. Nullam sit amet turpis elementum ligula vehicula consequat. Morbi a ipsum.'),(98,NULL,NULL,NULL,NULL,NULL,NULL,NULL,NULL,NULL,NULL,NULL,NULL,NULL,NULL,'Pellentesque viverra pede ac diam. Cras pellentesque volutpat dui. Maecenas tristique, est et tempus semper, est quam pharetra magna, ac consequat metus sapien ut nunc. Vestibulum ante ipsum primis in faucibus orci luctus et ultrices posuere cubilia Curae; Mauris viverra diam vitae quam. Suspendisse potenti. Nullam porttitor lacus at turpis.'),(99,NULL,NULL,NULL,NULL,NULL,NULL,NULL,NULL,NULL,NULL,NULL,NULL,NULL,NULL,'Vestibulum ante ipsum primis in faucibus orci luctus et ultrices posuere cubilia Curae; Mauris viverra diam vitae quam. Suspendisse potenti. Nullam porttitor lacus at turpis.'),(100,NULL,NULL,NULL,NULL,NULL,NULL,NULL,NULL,NULL,NULL,NULL,NULL,NULL,NULL,'Aenean lectus. Pellentesque eget nunc. Donec quis orci eget orci vehicula condimentum. Curabitur in libero ut massa volutpat convallis. Morbi odio odio, elementum eu, interdum eu, tincidunt in, leo.'),(101,NULL,NULL,NULL,NULL,NULL,NULL,NULL,NULL,NULL,NULL,NULL,NULL,NULL,NULL,'Aliquam sit amet diam in magna bibendum imperdiet. Nullam orci pede, venenatis non, sodales sed, tincidunt eu, felis. Fusce posuere felis sed lacus. Morbi sem mauris, laoreet ut, rhoncus aliquet, pulvinar sed, nisl. Nunc rhoncus dui vel sem. Sed sagittis.'),(102,NULL,NULL,NULL,NULL,NULL,NULL,NULL,NULL,NULL,NULL,NULL,NULL,NULL,NULL,'Suspendisse potenti. Cras in purus eu magna vulputate luctus.'),(103,NULL,NULL,NULL,NULL,NULL,NULL,NULL,NULL,NULL,NULL,NULL,NULL,NULL,NULL,'Sed sagittis.'),(104,NULL,NULL,NULL,NULL,NULL,NULL,NULL,NULL,NULL,NULL,NULL,NULL,NULL,NULL,'Duis ac nibh. Fusce lacus purus, aliquet at, feugiat non, pretium quis, lectus.'),(105,NULL,NULL,NULL,NULL,NULL,NULL,NULL,NULL,NULL,NULL,NULL,NULL,NULL,NULL,'Nulla nisl. Nunc nisl. Duis bibendum, felis sed interdum venenatis, turpis enim blandit mi, in porttitor pede justo eu massa.'),(106,NULL,NULL,NULL,NULL,NULL,NULL,NULL,NULL,NULL,NULL,NULL,NULL,NULL,NULL,'Donec diam neque, vestibulum eget, vulputate ut, ultrices vel, augue. Vestibulum ante ipsum primis in faucibus orci luctus et ultrices posuere cubilia Curae; Donec pharetra, magna vestibulum aliquet ultrices, erat tortor sollicitudin mi, sit amet lobortis sapien sapien non mi. Integer ac neque. Duis bibendum. Morbi non quam nec dui luctus rutrum. Nulla tellus.'),(107,NULL,NULL,NULL,NULL,NULL,NULL,NULL,NULL,NULL,NULL,NULL,NULL,NULL,NULL,'Cum sociis natoque penatibus et magnis dis parturient montes, nascetur ridiculus mus. Vivamus vestibulum sagittis sapien. Cum sociis natoque penatibus et magnis dis parturient montes, nascetur ridiculus mus.'),(108,NULL,NULL,NULL,NULL,NULL,NULL,NULL,NULL,NULL,NULL,NULL,NULL,NULL,NULL,'Duis bibendum. Morbi non quam nec dui luctus rutrum. Nulla tellus.'),(109,NULL,NULL,NULL,NULL,NULL,NULL,NULL,NULL,NULL,NULL,NULL,NULL,NULL,NULL,'Nullam orci pede, venenatis non, sodales sed, tincidunt eu, felis. Fusce posuere felis sed lacus. Morbi sem mauris, laoreet ut, rhoncus aliquet, pulvinar sed, nisl.'),(110,NULL,NULL,NULL,NULL,NULL,NULL,NULL,NULL,NULL,NULL,NULL,NULL,NULL,NULL,'Mauris lacinia sapien quis libero. Nullam sit amet turpis elementum ligula vehicula consequat. Morbi a ipsum.'),(111,NULL,NULL,NULL,NULL,NULL,NULL,NULL,NULL,NULL,NULL,NULL,NULL,NULL,NULL,'In hac habitasse platea dictumst.'),(112,NULL,NULL,NULL,NULL,NULL,NULL,NULL,NULL,NULL,NULL,NULL,NULL,NULL,NULL,'Suspendisse ornare consequat lectus. In est risus, auctor sed, tristique in, tempus sit amet, sem. Fusce consequat. Nulla nisl. Nunc nisl. Duis bibendum, felis sed interdum venenatis, turpis enim blandit mi, in porttitor pede justo eu massa.'),(113,NULL,NULL,NULL,NULL,NULL,NULL,NULL,NULL,NULL,NULL,NULL,NULL,NULL,NULL,'Maecenas pulvinar lobortis est. Phasellus sit amet erat. Nulla tempus. Vivamus in felis eu sapien cursus vestibulum. Proin eu mi. Nulla ac enim.'),(114,NULL,NULL,NULL,NULL,NULL,NULL,NULL,NULL,NULL,NULL,NULL,NULL,NULL,NULL,'Quisque id justo sit amet sapien dignissim vestibulum. Vestibulum ante ipsum primis in faucibus orci luctus et ultrices posuere cubilia Curae; Nulla dapibus dolor vel est. Donec odio justo, sollicitudin ut, suscipit a, feugiat et, eros. Vestibulum ac est lacinia nisi venenatis tristique. Fusce congue, diam id ornare imperdiet, sapien urna pretium nisl, ut volutpat sapien arcu sed augue.'),(115,NULL,NULL,NULL,NULL,NULL,NULL,NULL,NULL,NULL,NULL,NULL,NULL,NULL,NULL,'Pellentesque viverra pede ac diam.'),(116,NULL,NULL,NULL,NULL,NULL,NULL,NULL,NULL,NULL,NULL,NULL,NULL,NULL,NULL,'Integer ac leo.'),(117,NULL,NULL,NULL,NULL,NULL,NULL,NULL,NULL,NULL,NULL,NULL,NULL,NULL,NULL,'Cras mi pede, malesuada in, imperdiet et, commodo vulputate, justo. In blandit ultrices enim. Lorem ipsum dolor sit amet, consectetuer adipiscing elit.'),(118,NULL,NULL,NULL,NULL,NULL,NULL,NULL,NULL,NULL,NULL,NULL,NULL,NULL,NULL,'In tempor, turpis nec euismod scelerisque, quam turpis adipiscing lorem, vitae mattis nibh ligula nec sem. Duis aliquam convallis nunc.'),(119,NULL,NULL,NULL,NULL,NULL,NULL,NULL,NULL,NULL,NULL,NULL,NULL,NULL,NULL,'Quisque ut erat. Curabitur gravida nisi at nibh. In hac habitasse platea dictumst. Aliquam augue quam, sollicitudin vitae, consectetuer eget, rutrum at, lorem.'),(120,NULL,NULL,NULL,NULL,NULL,NULL,NULL,NULL,NULL,NULL,NULL,NULL,NULL,NULL,'Suspendisse potenti. In eleifend quam a odio. In hac habitasse platea dictumst. Maecenas ut massa quis augue luctus tincidunt. Nulla mollis molestie lorem.'),(121,NULL,NULL,NULL,NULL,NULL,NULL,NULL,NULL,NULL,NULL,NULL,NULL,NULL,NULL,'Morbi a ipsum. Integer a nibh. In quis justo. Maecenas rhoncus aliquam lacus. Morbi quis tortor id nulla ultrices aliquet. Maecenas leo odio, condimentum id, luctus nec, molestie sed, justo.'),(122,NULL,NULL,NULL,NULL,NULL,NULL,NULL,NULL,NULL,NULL,NULL,NULL,NULL,NULL,'Fusce posuere felis sed lacus. Morbi sem mauris, laoreet ut, rhoncus aliquet, pulvinar sed, nisl.'),(123,NULL,NULL,NULL,NULL,NULL,NULL,NULL,NULL,NULL,NULL,NULL,NULL,NULL,NULL,'Vivamus vestibulum sagittis sapien. Cum sociis natoque penatibus et magnis dis parturient montes, nascetur ridiculus mus.'),(124,NULL,NULL,NULL,NULL,NULL,NULL,NULL,NULL,NULL,NULL,NULL,NULL,NULL,NULL,'Duis mattis egestas metus. Aenean fermentum. Donec ut mauris eget massa tempor convallis. Nulla neque libero, convallis eget, eleifend luctus, ultricies eu, nibh. Quisque id justo sit amet sapien dignissim vestibulum. Vestibulum ante ipsum primis in faucibus orci luctus et ultrices posuere cubilia Curae; Nulla dapibus dolor vel est.'),(125,NULL,NULL,NULL,NULL,NULL,NULL,NULL,NULL,NULL,NULL,NULL,NULL,NULL,NULL,'Vestibulum ac est lacinia nisi venenatis tristique.'),(126,NULL,NULL,NULL,NULL,NULL,NULL,NULL,NULL,NULL,NULL,NULL,NULL,NULL,NULL,'Etiam pretium iaculis justo. In hac habitasse platea dictumst. Etiam faucibus cursus urna. Ut tellus. Nulla ut erat id mauris vulputate elementum.'),(127,NULL,NULL,NULL,NULL,NULL,NULL,NULL,NULL,NULL,NULL,NULL,NULL,NULL,NULL,'Duis aliquam convallis nunc. Proin at turpis a pede posuere nonummy. Integer non velit. Donec diam neque, vestibulum eget, vulputate ut, ultrices vel, augue. Vestibulum ante ipsum primis in faucibus orci luctus et ultrices posuere cubilia Curae; Donec pharetra, magna vestibulum aliquet ultrices, erat tortor sollicitudin mi, sit amet lobortis sapien sapien non mi. Integer ac neque.'),(128,NULL,NULL,NULL,NULL,NULL,NULL,NULL,NULL,NULL,NULL,NULL,NULL,NULL,NULL,'Vestibulum rutrum rutrum neque. Aenean auctor gravida sem.'),(129,NULL,NULL,NULL,NULL,NULL,NULL,NULL,NULL,NULL,NULL,NULL,NULL,NULL,NULL,'In congue. Etiam justo. Etiam pretium iaculis justo.'),(130,NULL,NULL,NULL,NULL,NULL,NULL,NULL,NULL,NULL,NULL,NULL,NULL,NULL,NULL,'Aenean fermentum. Donec ut mauris eget massa tempor convallis. Nulla neque libero, convallis eget, eleifend luctus, ultricies eu, nibh. Quisque id justo sit amet sapien dignissim vestibulum.'),(131,NULL,NULL,NULL,NULL,NULL,NULL,NULL,NULL,NULL,NULL,NULL,NULL,NULL,NULL,'Donec diam neque, vestibulum eget, vulputate ut, ultrices vel, augue. Vestibulum ante ipsum primis in faucibus orci luctus et ultrices posuere cubilia Curae; Donec pharetra, magna vestibulum aliquet ultrices, erat tortor sollicitudin mi, sit amet lobortis sapien sapien non mi. Integer ac neque. Duis bibendum. Morbi non quam nec dui luctus rutrum. Nulla tellus.'),(132,NULL,NULL,NULL,NULL,NULL,NULL,NULL,NULL,NULL,NULL,NULL,NULL,NULL,NULL,'Aenean lectus. Pellentesque eget nunc.'),(133,NULL,NULL,NULL,NULL,NULL,NULL,NULL,NULL,NULL,NULL,NULL,NULL,NULL,NULL,'Morbi sem mauris, laoreet ut, rhoncus aliquet, pulvinar sed, nisl. Nunc rhoncus dui vel sem.'),(134,NULL,NULL,NULL,NULL,NULL,NULL,NULL,NULL,NULL,NULL,NULL,NULL,NULL,NULL,'Nullam sit amet turpis elementum ligula vehicula consequat. Morbi a ipsum. Integer a nibh. In quis justo. Maecenas rhoncus aliquam lacus.'),(135,NULL,NULL,NULL,NULL,NULL,NULL,NULL,NULL,NULL,NULL,NULL,NULL,NULL,NULL,'Donec posuere metus vitae ipsum. Aliquam non mauris. Morbi non lectus. Aliquam sit amet diam in magna bibendum imperdiet. Nullam orci pede, venenatis non, sodales sed, tincidunt eu, felis.'),(136,NULL,NULL,NULL,NULL,NULL,NULL,NULL,NULL,NULL,NULL,NULL,NULL,NULL,NULL,'Praesent blandit. Nam nulla.'),(137,NULL,NULL,NULL,NULL,NULL,NULL,NULL,NULL,NULL,NULL,NULL,NULL,NULL,NULL,'Aliquam sit amet diam in magna bibendum imperdiet. Nullam orci pede, venenatis non, sodales sed, tincidunt eu, felis. Fusce posuere felis sed lacus.'),(138,NULL,NULL,NULL,NULL,NULL,NULL,NULL,NULL,NULL,NULL,NULL,NULL,NULL,NULL,'In hac habitasse platea dictumst. Maecenas ut massa quis augue luctus tincidunt. Nulla mollis molestie lorem. Quisque ut erat. Curabitur gravida nisi at nibh. In hac habitasse platea dictumst.'),(139,NULL,NULL,NULL,NULL,NULL,NULL,NULL,NULL,NULL,NULL,NULL,NULL,NULL,NULL,'Maecenas ut massa quis augue luctus tincidunt. Nulla mollis molestie lorem. Quisque ut erat.'),(140,NULL,NULL,NULL,NULL,NULL,NULL,NULL,NULL,NULL,NULL,NULL,NULL,NULL,NULL,'Quisque id justo sit amet sapien dignissim vestibulum. Vestibulum ante ipsum primis in faucibus orci luctus et ultrices posuere cubilia Curae; Nulla dapibus dolor vel est. Donec odio justo, sollicitudin ut, suscipit a, feugiat et, eros. Vestibulum ac est lacinia nisi venenatis tristique.'),(141,NULL,NULL,NULL,NULL,NULL,NULL,NULL,NULL,NULL,NULL,NULL,NULL,NULL,NULL,'In hac habitasse platea dictumst. Aliquam augue quam, sollicitudin vitae, consectetuer eget, rutrum at, lorem. Integer tincidunt ante vel ipsum. Praesent blandit lacinia erat. Vestibulum sed magna at nunc commodo placerat.'),(142,NULL,NULL,NULL,NULL,NULL,NULL,NULL,NULL,NULL,NULL,NULL,NULL,NULL,NULL,'Morbi non quam nec dui luctus rutrum. Nulla tellus.'),(143,NULL,NULL,NULL,NULL,NULL,NULL,NULL,NULL,NULL,NULL,NULL,NULL,NULL,NULL,'Pellentesque eget nunc. Donec quis orci eget orci vehicula condimentum. Curabitur in libero ut massa volutpat convallis. Morbi odio odio, elementum eu, interdum eu, tincidunt in, leo.'),(144,NULL,NULL,NULL,NULL,NULL,NULL,NULL,NULL,NULL,NULL,NULL,NULL,NULL,NULL,'Morbi porttitor lorem id ligula.'),(145,NULL,NULL,NULL,NULL,NULL,NULL,NULL,NULL,NULL,NULL,NULL,NULL,NULL,NULL,'Nulla neque libero, convallis eget, eleifend luctus, ultricies eu, nibh. Quisque id justo sit amet sapien dignissim vestibulum. Vestibulum ante ipsum primis in faucibus orci luctus et ultrices posuere cubilia Curae; Nulla dapibus dolor vel est. Donec odio justo, sollicitudin ut, suscipit a, feugiat et, eros. Vestibulum ac est lacinia nisi venenatis tristique. Fusce congue, diam id ornare imperdiet, sapien urna pretium nisl, ut volutpat sapien arcu sed augue.'),(146,NULL,NULL,NULL,NULL,NULL,NULL,NULL,NULL,NULL,NULL,NULL,NULL,NULL,NULL,'Suspendisse potenti. Cras in purus eu magna vulputate luctus.'),(147,NULL,NULL,NULL,NULL,NULL,NULL,NULL,NULL,NULL,NULL,NULL,NULL,NULL,NULL,'Mauris enim leo, rhoncus sed, vestibulum sit amet, cursus id, turpis. Integer aliquet, massa id lobortis convallis, tortor risus dapibus augue, vel accumsan tellus nisi eu orci. Mauris lacinia sapien quis libero. Nullam sit amet turpis elementum ligula vehicula consequat. Morbi a ipsum.'),(148,NULL,NULL,NULL,NULL,NULL,NULL,NULL,NULL,NULL,NULL,NULL,NULL,NULL,NULL,'Pellentesque viverra pede ac diam. Cras pellentesque volutpat dui. Maecenas tristique, est et tempus semper, est quam pharetra magna, ac consequat metus sapien ut nunc. Vestibulum ante ipsum primis in faucibus orci luctus et ultrices posuere cubilia Curae; Mauris viverra diam vitae quam. Suspendisse potenti. Nullam porttitor lacus at turpis.'),(149,NULL,NULL,NULL,NULL,NULL,NULL,NULL,NULL,NULL,NULL,NULL,NULL,NULL,NULL,'Vestibulum ante ipsum primis in faucibus orci luctus et ultrices posuere cubilia Curae; Mauris viverra diam vitae quam. Suspendisse potenti. Nullam porttitor lacus at turpis.'),(150,NULL,NULL,NULL,NULL,NULL,NULL,NULL,NULL,NULL,NULL,NULL,NULL,NULL,NULL,'Aenean lectus. Pellentesque eget nunc. Donec quis orci eget orci vehicula condimentum. Curabitur in libero ut massa volutpat convallis. Morbi odio odio, elementum eu, interdum eu, tincidunt in, leo.'),(151,NULL,NULL,NULL,NULL,NULL,NULL,NULL,NULL,NULL,NULL,NULL,NULL,NULL,NULL,'Aliquam sit amet diam in magna bibendum imperdiet. Nullam orci pede, venenatis non, sodales sed, tincidunt eu, felis. Fusce posuere felis sed lacus. Morbi sem mauris, laoreet ut, rhoncus aliquet, pulvinar sed, nisl. Nunc rhoncus dui vel sem. Sed sagittis.'),(152,NULL,NULL,NULL,NULL,NULL,NULL,NULL,NULL,NULL,NULL,NULL,NULL,NULL,NULL,'Suspendisse potenti. Cras in purus eu magna vulputate luctus.'),(153,NULL,NULL,NULL,NULL,NULL,NULL,NULL,NULL,NULL,NULL,NULL,NULL,NULL,NULL,'Sed sagittis.'),(154,NULL,NULL,NULL,NULL,NULL,NULL,NULL,NULL,NULL,NULL,NULL,NULL,NULL,NULL,'Duis ac nibh. Fusce lacus purus, aliquet at, feugiat non, pretium quis, lectus.'),(155,NULL,NULL,NULL,NULL,NULL,NULL,NULL,NULL,NULL,NULL,NULL,NULL,NULL,NULL,'Nulla nisl. Nunc nisl. Duis bibendum, felis sed interdum venenatis, turpis enim blandit mi, in porttitor pede justo eu massa.'),(156,NULL,NULL,NULL,NULL,NULL,NULL,NULL,NULL,NULL,NULL,NULL,NULL,NULL,NULL,'Donec diam neque, vestibulum eget, vulputate ut, ultrices vel, augue. Vestibulum ante ipsum primis in faucibus orci luctus et ultrices posuere cubilia Curae; Donec pharetra, magna vestibulum aliquet ultrices, erat tortor sollicitudin mi, sit amet lobortis sapien sapien non mi. Integer ac neque. Duis bibendum. Morbi non quam nec dui luctus rutrum. Nulla tellus.'),(157,NULL,NULL,NULL,NULL,NULL,NULL,NULL,NULL,NULL,NULL,NULL,NULL,NULL,NULL,'Cum sociis natoque penatibus et magnis dis parturient montes, nascetur ridiculus mus. Vivamus vestibulum sagittis sapien. Cum sociis natoque penatibus et magnis dis parturient montes, nascetur ridiculus mus.'),(158,NULL,NULL,NULL,NULL,NULL,NULL,NULL,NULL,NULL,NULL,NULL,NULL,NULL,NULL,'Duis bibendum. Morbi non quam nec dui luctus rutrum. Nulla tellus.'),(159,NULL,NULL,NULL,NULL,NULL,NULL,NULL,NULL,NULL,NULL,NULL,NULL,NULL,NULL,'Nullam orci pede, venenatis non, sodales sed, tincidunt eu, felis. Fusce posuere felis sed lacus. Morbi sem mauris, laoreet ut, rhoncus aliquet, pulvinar sed, nisl.'),(160,NULL,NULL,NULL,NULL,NULL,NULL,NULL,NULL,NULL,NULL,NULL,NULL,NULL,NULL,'Mauris lacinia sapien quis libero. Nullam sit amet turpis elementum ligula vehicula consequat. Morbi a ipsum.'),(161,NULL,NULL,NULL,NULL,NULL,NULL,NULL,NULL,NULL,NULL,NULL,NULL,NULL,NULL,'In hac habitasse platea dictumst.'),(162,NULL,NULL,NULL,NULL,NULL,NULL,NULL,NULL,NULL,NULL,NULL,NULL,NULL,NULL,'Suspendisse ornare consequat lectus. In est risus, auctor sed, tristique in, tempus sit amet, sem. Fusce consequat. Nulla nisl. Nunc nisl. Duis bibendum, felis sed interdum venenatis, turpis enim blandit mi, in porttitor pede justo eu massa.'),(163,NULL,NULL,NULL,NULL,NULL,NULL,NULL,NULL,NULL,NULL,NULL,NULL,NULL,NULL,'Maecenas pulvinar lobortis est. Phasellus sit amet erat. Nulla tempus. Vivamus in felis eu sapien cursus vestibulum. Proin eu mi. Nulla ac enim.'),(164,NULL,NULL,NULL,NULL,NULL,NULL,NULL,NULL,NULL,NULL,NULL,NULL,NULL,NULL,'Quisque id justo sit amet sapien dignissim vestibulum. Vestibulum ante ipsum primis in faucibus orci luctus et ultrices posuere cubilia Curae; Nulla dapibus dolor vel est. Donec odio justo, sollicitudin ut, suscipit a, feugiat et, eros. Vestibulum ac est lacinia nisi venenatis tristique. Fusce congue, diam id ornare imperdiet, sapien urna pretium nisl, ut volutpat sapien arcu sed augue.'),(165,NULL,NULL,NULL,NULL,NULL,NULL,NULL,NULL,NULL,NULL,NULL,NULL,NULL,NULL,'Pellentesque viverra pede ac diam.'),(166,NULL,NULL,NULL,NULL,NULL,NULL,NULL,NULL,NULL,NULL,NULL,NULL,NULL,NULL,'Integer ac leo.'),(167,NULL,NULL,NULL,NULL,NULL,NULL,NULL,NULL,NULL,NULL,NULL,NULL,NULL,NULL,'Cras mi pede, malesuada in, imperdiet et, commodo vulputate, justo. In blandit ultrices enim. Lorem ipsum dolor sit amet, consectetuer adipiscing elit.'),(168,NULL,NULL,NULL,NULL,NULL,NULL,NULL,NULL,NULL,NULL,NULL,NULL,NULL,NULL,'In tempor, turpis nec euismod scelerisque, quam turpis adipiscing lorem, vitae mattis nibh ligula nec sem. Duis aliquam convallis nunc.'),(169,NULL,NULL,NULL,NULL,NULL,NULL,NULL,NULL,NULL,NULL,NULL,NULL,NULL,NULL,'Quisque ut erat. Curabitur gravida nisi at nibh. In hac habitasse platea dictumst. Aliquam augue quam, sollicitudin vitae, consectetuer eget, rutrum at, lorem.'),(170,NULL,NULL,NULL,NULL,NULL,NULL,NULL,NULL,NULL,NULL,NULL,NULL,NULL,NULL,'Suspendisse potenti. In eleifend quam a odio. In hac habitasse platea dictumst. Maecenas ut massa quis augue luctus tincidunt. Nulla mollis molestie lorem.'),(171,NULL,NULL,NULL,NULL,NULL,NULL,NULL,NULL,NULL,NULL,NULL,NULL,NULL,NULL,'Morbi a ipsum. Integer a nibh. In quis justo. Maecenas rhoncus aliquam lacus. Morbi quis tortor id nulla ultrices aliquet. Maecenas leo odio, condimentum id, luctus nec, molestie sed, justo.'),(172,NULL,NULL,NULL,NULL,NULL,NULL,NULL,NULL,NULL,NULL,NULL,NULL,NULL,NULL,'Fusce posuere felis sed lacus. Morbi sem mauris, laoreet ut, rhoncus aliquet, pulvinar sed, nisl.'),(173,NULL,NULL,NULL,NULL,NULL,NULL,NULL,NULL,NULL,NULL,NULL,NULL,NULL,NULL,'Vivamus vestibulum sagittis sapien. Cum sociis natoque penatibus et magnis dis parturient montes, nascetur ridiculus mus.'),(174,NULL,NULL,NULL,NULL,NULL,NULL,NULL,NULL,NULL,NULL,NULL,NULL,NULL,NULL,'Duis mattis egestas metus. Aenean fermentum. Donec ut mauris eget massa tempor convallis. Nulla neque libero, convallis eget, eleifend luctus, ultricies eu, nibh. Quisque id justo sit amet sapien dignissim vestibulum. Vestibulum ante ipsum primis in faucibus orci luctus et ultrices posuere cubilia Curae; Nulla dapibus dolor vel est.'),(175,NULL,NULL,NULL,NULL,NULL,NULL,NULL,NULL,NULL,NULL,NULL,NULL,NULL,NULL,'Vestibulum ac est lacinia nisi venenatis tristique.'),(176,NULL,NULL,NULL,NULL,NULL,NULL,NULL,NULL,NULL,NULL,NULL,NULL,NULL,NULL,'Etiam pretium iaculis justo. In hac habitasse platea dictumst. Etiam faucibus cursus urna. Ut tellus. Nulla ut erat id mauris vulputate elementum.'),(177,NULL,NULL,NULL,NULL,NULL,NULL,NULL,NULL,NULL,NULL,NULL,NULL,NULL,NULL,'Duis aliquam convallis nunc. Proin at turpis a pede posuere nonummy. Integer non velit. Donec diam neque, vestibulum eget, vulputate ut, ultrices vel, augue. Vestibulum ante ipsum primis in faucibus orci luctus et ultrices posuere cubilia Curae; Donec pharetra, magna vestibulum aliquet ultrices, erat tortor sollicitudin mi, sit amet lobortis sapien sapien non mi. Integer ac neque.'),(178,NULL,NULL,NULL,NULL,NULL,NULL,NULL,NULL,NULL,NULL,NULL,NULL,NULL,NULL,'Vestibulum rutrum rutrum neque. Aenean auctor gravida sem.'),(179,NULL,NULL,NULL,NULL,NULL,NULL,NULL,NULL,NULL,NULL,NULL,NULL,NULL,NULL,'In congue. Etiam justo. Etiam pretium iaculis justo.'),(180,NULL,NULL,NULL,NULL,NULL,NULL,NULL,NULL,NULL,NULL,NULL,NULL,NULL,NULL,'Aenean fermentum. Donec ut mauris eget massa tempor convallis. Nulla neque libero, convallis eget, eleifend luctus, ultricies eu, nibh. Quisque id justo sit amet sapien dignissim vestibulum.'),(181,NULL,NULL,NULL,NULL,NULL,NULL,NULL,NULL,NULL,NULL,NULL,NULL,NULL,NULL,'Donec diam neque, vestibulum eget, vulputate ut, ultrices vel, augue. Vestibulum ante ipsum primis in faucibus orci luctus et ultrices posuere cubilia Curae; Donec pharetra, magna vestibulum aliquet ultrices, erat tortor sollicitudin mi, sit amet lobortis sapien sapien non mi. Integer ac neque. Duis bibendum. Morbi non quam nec dui luctus rutrum. Nulla tellus.'),(182,NULL,NULL,NULL,NULL,NULL,NULL,NULL,NULL,NULL,NULL,NULL,NULL,NULL,NULL,'Aenean lectus. Pellentesque eget nunc.'),(183,NULL,NULL,NULL,NULL,NULL,NULL,NULL,NULL,NULL,NULL,NULL,NULL,NULL,NULL,'Morbi sem mauris, laoreet ut, rhoncus aliquet, pulvinar sed, nisl. Nunc rhoncus dui vel sem.'),(184,NULL,NULL,NULL,NULL,NULL,NULL,NULL,NULL,NULL,NULL,NULL,NULL,NULL,NULL,'Nullam sit amet turpis elementum ligula vehicula consequat. Morbi a ipsum. Integer a nibh. In quis justo. Maecenas rhoncus aliquam lacus.'),(185,NULL,NULL,NULL,NULL,NULL,NULL,NULL,NULL,NULL,NULL,NULL,NULL,NULL,NULL,'Donec posuere metus vitae ipsum. Aliquam non mauris. Morbi non lectus. Aliquam sit amet diam in magna bibendum imperdiet. Nullam orci pede, venenatis non, sodales sed, tincidunt eu, felis.'),(186,NULL,NULL,NULL,NULL,NULL,NULL,NULL,NULL,NULL,NULL,NULL,NULL,NULL,NULL,'Praesent blandit. Nam nulla.'),(187,NULL,NULL,NULL,NULL,NULL,NULL,NULL,NULL,NULL,NULL,NULL,NULL,NULL,NULL,'Aliquam sit amet diam in magna bibendum imperdiet. Nullam orci pede, venenatis non, sodales sed, tincidunt eu, felis. Fusce posuere felis sed lacus.'),(188,NULL,NULL,NULL,NULL,NULL,NULL,NULL,NULL,NULL,NULL,NULL,NULL,NULL,NULL,'In hac habitasse platea dictumst. Maecenas ut massa quis augue luctus tincidunt. Nulla mollis molestie lorem. Quisque ut erat. Curabitur gravida nisi at nibh. In hac habitasse platea dictumst.'),(189,NULL,NULL,NULL,NULL,NULL,NULL,NULL,NULL,NULL,NULL,NULL,NULL,NULL,NULL,'Maecenas ut massa quis augue luctus tincidunt. Nulla mollis molestie lorem. Quisque ut erat.'),(190,NULL,NULL,NULL,NULL,NULL,NULL,NULL,NULL,NULL,NULL,NULL,NULL,NULL,NULL,'Quisque id justo sit amet sapien dignissim vestibulum. Vestibulum ante ipsum primis in faucibus orci luctus et ultrices posuere cubilia Curae; Nulla dapibus dolor vel est. Donec odio justo, sollicitudin ut, suscipit a, feugiat et, eros. Vestibulum ac est lacinia nisi venenatis tristique.'),(191,NULL,NULL,NULL,NULL,NULL,NULL,NULL,NULL,NULL,NULL,NULL,NULL,NULL,NULL,'In hac habitasse platea dictumst. Aliquam augue quam, sollicitudin vitae, consectetuer eget, rutrum at, lorem. Integer tincidunt ante vel ipsum. Praesent blandit lacinia erat. Vestibulum sed magna at nunc commodo placerat.'),(192,NULL,NULL,NULL,NULL,NULL,NULL,NULL,NULL,NULL,NULL,NULL,NULL,NULL,NULL,'Morbi non quam nec dui luctus rutrum. Nulla tellus.'),(193,NULL,NULL,NULL,NULL,NULL,NULL,NULL,NULL,NULL,NULL,NULL,NULL,NULL,NULL,'Pellentesque eget nunc. Donec quis orci eget orci vehicula condimentum. Curabitur in libero ut massa volutpat convallis. Morbi odio odio, elementum eu, interdum eu, tincidunt in, leo.'),(194,NULL,NULL,NULL,NULL,NULL,NULL,NULL,NULL,NULL,NULL,NULL,NULL,NULL,NULL,'Morbi porttitor lorem id ligula.'),(195,NULL,NULL,NULL,NULL,NULL,NULL,NULL,NULL,NULL,NULL,NULL,NULL,NULL,NULL,'Nulla neque libero, convallis eget, eleifend luctus, ultricies eu, nibh. Quisque id justo sit amet sapien dignissim vestibulum. Vestibulum ante ipsum primis in faucibus orci luctus et ultrices posuere cubilia Curae; Nulla dapibus dolor vel est. Donec odio justo, sollicitudin ut, suscipit a, feugiat et, eros. Vestibulum ac est lacinia nisi venenatis tristique. Fusce congue, diam id ornare imperdiet, sapien urna pretium nisl, ut volutpat sapien arcu sed augue.'),(196,NULL,NULL,NULL,NULL,NULL,NULL,NULL,NULL,NULL,NULL,NULL,NULL,NULL,NULL,'Suspendisse potenti. Cras in purus eu magna vulputate luctus.'),(197,NULL,NULL,NULL,NULL,NULL,NULL,NULL,NULL,NULL,NULL,NULL,NULL,NULL,NULL,'Mauris enim leo, rhoncus sed, vestibulum sit amet, cursus id, turpis. Integer aliquet, massa id lobortis convallis, tortor risus dapibus augue, vel accumsan tellus nisi eu orci. Mauris lacinia sapien quis libero. Nullam sit amet turpis elementum ligula vehicula consequat. Morbi a ipsum.'),(198,NULL,NULL,NULL,NULL,NULL,NULL,NULL,NULL,NULL,NULL,NULL,NULL,NULL,NULL,'Pellentesque viverra pede ac diam. Cras pellentesque volutpat dui. Maecenas tristique, est et tempus semper, est quam pharetra magna, ac consequat metus sapien ut nunc. Vestibulum ante ipsum primis in faucibus orci luctus et ultrices posuere cubilia Curae; Mauris viverra diam vitae quam. Suspendisse potenti. Nullam porttitor lacus at turpis.'),(199,NULL,NULL,NULL,NULL,NULL,NULL,NULL,NULL,NULL,NULL,NULL,NULL,NULL,NULL,'Vestibulum ante ipsum primis in faucibus orci luctus et ultrices posuere cubilia Curae; Mauris viverra diam vitae quam. Suspendisse potenti. Nullam porttitor lacus at turpis.'),(200,NULL,NULL,NULL,NULL,NULL,NULL,NULL,NULL,NULL,NULL,NULL,NULL,NULL,NULL,'Aenean lectus. Pellentesque eget nunc. Donec quis orci eget orci vehicula condimentum. Curabitur in libero ut massa volutpat convallis. Morbi odio odio, elementum eu, interdum eu, tincidunt in, leo.'),(201,NULL,NULL,NULL,NULL,NULL,NULL,NULL,NULL,NULL,NULL,NULL,NULL,NULL,NULL,'Aliquam sit amet diam in magna bibendum imperdiet. Nullam orci pede, venenatis non, sodales sed, tincidunt eu, felis. Fusce posuere felis sed lacus. Morbi sem mauris, laoreet ut, rhoncus aliquet, pulvinar sed, nisl. Nunc rhoncus dui vel sem. Sed sagittis.'),(203,NULL,'Giao vien moi',NULL,'giaovien@email.com','0156823462','Dia chi moi',NULL,'','active',NULL,NULL,'2023-03-13 01:15:18','2023-03-13 01:15:18','Cu nhan',NULL);
/*!40000 ALTER TABLE `teacher` ENABLE KEYS */;
UNLOCK TABLES;

--
-- Table structure for table `type`
--

DROP TABLE IF EXISTS `type`;
/*!40101 SET @saved_cs_client     = @@character_set_client */;
/*!50503 SET character_set_client = utf8mb4 */;
CREATE TABLE `type` (
  `id` int NOT NULL,
  `name` varchar(45) DEFAULT NULL,
  `cate_img` varchar(45) DEFAULT NULL,
  `created_by` varchar(45) DEFAULT NULL,
  `last_modified_by` varchar(45) DEFAULT NULL,
  `created_at` varchar(45) DEFAULT NULL,
  `last_modified_at` varchar(45) DEFAULT NULL,
  PRIMARY KEY (`id`),
  UNIQUE KEY `id_UNIQUE` (`id`)
) ENGINE=InnoDB DEFAULT CHARSET=utf8mb4 COLLATE=utf8mb4_0900_ai_ci;
/*!40101 SET character_set_client = @saved_cs_client */;

--
-- Dumping data for table `type`
--

LOCK TABLES `type` WRITE;
/*!40000 ALTER TABLE `type` DISABLE KEYS */;
INSERT INTO `type` VALUES (1,'Thiết kế','./images/category/cat1.png',NULL,NULL,NULL,NULL),(2,'Tin học văn phòng','./images/category/cat2.png',NULL,NULL,NULL,NULL),(3,'Học máy','./images/category/cat3.png',NULL,NULL,NULL,NULL),(4,'Marketing','./images/category/cat4.png',NULL,NULL,NULL,NULL),(5,'Âm nhạc','./images/category/cat5.png',NULL,NULL,NULL,NULL),(6,'Kỹ năng mềm','./images/category/cat6.png',NULL,NULL,NULL,NULL),(7,'Lối sống','./images/category/cat7.png',NULL,NULL,NULL,NULL),(8,'Ngoại ngữ','./images/category/cat11.png',NULL,NULL,NULL,NULL),(9,'Phát triển bản thân','./images/category/cat10.png',NULL,NULL,NULL,NULL),(10,'Photography & Video','./images/category/cat8.png',NULL,NULL,NULL,NULL);
/*!40000 ALTER TABLE `type` ENABLE KEYS */;
UNLOCK TABLES;

--
-- Table structure for table `user_account`
--

DROP TABLE IF EXISTS `user_account`;
/*!40101 SET @saved_cs_client     = @@character_set_client */;
/*!50503 SET character_set_client = utf8mb4 */;
CREATE TABLE `user_account` (
  `id` int NOT NULL AUTO_INCREMENT,
  `student_id` int DEFAULT NULL,
  `teacher_id` int DEFAULT NULL,
  `affiliate_id` int DEFAULT NULL,
  `status` varchar(20) DEFAULT NULL,
  `created_by` varchar(50) DEFAULT NULL,
  `last_modified_by` varchar(50) DEFAULT NULL,
  `created_at` timestamp NULL DEFAULT NULL,
  `last_modified_at` timestamp NULL DEFAULT NULL,
  `username` varchar(45) DEFAULT NULL,
  `password` varchar(45) DEFAULT NULL,
  `email` varchar(45) DEFAULT NULL,
  PRIMARY KEY (`id`),
  KEY `teacher_idx1` (`teacher_id`),
  KEY `student_idx1` (`student_id`),
  KEY `affiliate_idx1` (`affiliate_id`),
  CONSTRAINT `affiliate_id_cm1` FOREIGN KEY (`affiliate_id`) REFERENCES `affiliate` (`id`),
  CONSTRAINT `student_id_cm1` FOREIGN KEY (`student_id`) REFERENCES `student` (`id`),
  CONSTRAINT `teacher_id_cm1` FOREIGN KEY (`teacher_id`) REFERENCES `teacher` (`id`)
) ENGINE=InnoDB AUTO_INCREMENT=23 DEFAULT CHARSET=utf8mb4 COLLATE=utf8mb4_0900_ai_ci;
/*!40101 SET character_set_client = @saved_cs_client */;

--
-- Dumping data for table `user_account`
--

LOCK TABLES `user_account` WRITE;
/*!40000 ALTER TABLE `user_account` DISABLE KEYS */;
INSERT INTO `user_account` VALUES (1,1,1,1,'active',NULL,NULL,NULL,NULL,'admin','12345','admin@gmail.com'),(2,2,2,2,'active',NULL,NULL,NULL,NULL,'minh','minh','minh@gmail.com'),(3,3,3,3,'active',NULL,NULL,NULL,NULL,'duong','duong','duong@gmail.com'),(4,4,4,4,'active',NULL,NULL,NULL,NULL,'test','test','test@gmail.com'),(5,5,NULL,61,'active',NULL,NULL,NULL,'2023-03-13 00:42:26','now1','1234','noew1@gmail.com'),(6,6,203,62,'active',NULL,NULL,NULL,'2023-03-13 01:15:18','hello',NULL,'hello@gmail.com'),(7,7,NULL,NULL,'active',NULL,NULL,'2023-02-14 06:45:42','2023-02-14 06:45:42','newly',NULL,NULL),(8,8,NULL,NULL,'active',NULL,NULL,'2023-02-21 00:17:41','2023-02-21 00:17:41','new-user','123456',NULL),(9,9,NULL,NULL,'active',NULL,NULL,'2023-02-21 00:18:26','2023-02-21 00:18:26','12312321','123456',NULL),(10,10,NULL,NULL,'active',NULL,NULL,'2023-02-21 00:22:37','2023-02-21 00:22:37','122111212','123456',NULL),(11,11,NULL,NULL,'active',NULL,NULL,'2023-02-21 00:22:37','2023-02-21 00:22:37','122111212','123456',NULL),(12,12,NULL,NULL,'active',NULL,NULL,'2023-02-21 00:23:00','2023-02-21 00:23:00','12211121212','123456',NULL),(16,210,NULL,NULL,'active',NULL,NULL,'2023-03-12 18:32:42','2023-03-12 18:32:42','duongbuixuan',NULL,NULL),(17,211,NULL,NULL,'active',NULL,NULL,'2023-03-12 18:34:13','2023-03-12 18:34:13','111222',NULL,NULL),(18,212,NULL,NULL,'active',NULL,NULL,'2023-03-12 18:37:45','2023-03-12 18:37:45','fdfdfdf',NULL,NULL),(19,213,NULL,NULL,'active',NULL,NULL,'2023-03-12 18:38:24','2023-03-12 18:38:24','fdfdfdfsd',NULL,NULL),(20,214,NULL,NULL,'active',NULL,NULL,'2023-03-12 19:28:07','2023-03-12 19:28:07','12312312312321',NULL,NULL),(21,NULL,NULL,NULL,'active',NULL,NULL,'2023-03-12 19:37:49','2023-03-12 19:37:49','1231231231232112','123456788','sdf1213s@email.com'),(22,216,NULL,NULL,'active',NULL,NULL,'2023-03-12 19:41:17','2023-03-12 19:41:17','nguoidungmoi','1234','nguoidungmoi@email.com');
/*!40000 ALTER TABLE `user_account` ENABLE KEYS */;
UNLOCK TABLES;

--
-- Table structure for table `user_roles`
--

DROP TABLE IF EXISTS `user_roles`;
/*!40101 SET @saved_cs_client     = @@character_set_client */;
/*!50503 SET character_set_client = utf8mb4 */;
CREATE TABLE `user_roles` (
  `id` int NOT NULL AUTO_INCREMENT,
  `user_id` int NOT NULL,
  `role_id` int NOT NULL,
  PRIMARY KEY (`id`)
) ENGINE=InnoDB AUTO_INCREMENT=20 DEFAULT CHARSET=utf8mb3;
/*!40101 SET character_set_client = @saved_cs_client */;

--
-- Dumping data for table `user_roles`
--

LOCK TABLES `user_roles` WRITE;
/*!40000 ALTER TABLE `user_roles` DISABLE KEYS */;
INSERT INTO `user_roles` VALUES (1,1,1),(2,2,1),(3,3,1),(4,4,1),(5,5,2),(6,6,2),(7,9,2),(8,11,2),(9,12,2),(10,14,2),(11,13,2),(12,15,2),(13,16,2),(14,17,2),(15,18,2),(16,19,2),(17,20,2),(18,21,2),(19,22,2);
/*!40000 ALTER TABLE `user_roles` ENABLE KEYS */;
UNLOCK TABLES;

--
-- Table structure for table `users`
--

DROP TABLE IF EXISTS `users`;
/*!40101 SET @saved_cs_client     = @@character_set_client */;
/*!50503 SET character_set_client = utf8mb4 */;
CREATE TABLE `users` (
  `id` int NOT NULL AUTO_INCREMENT,
  `username` varchar(50) NOT NULL,
  `password` varchar(50) NOT NULL,
  `email` varchar(100) DEFAULT NULL,
  PRIMARY KEY (`id`)
) ENGINE=InnoDB AUTO_INCREMENT=7 DEFAULT CHARSET=utf8mb3;
/*!40101 SET character_set_client = @saved_cs_client */;

--
-- Dumping data for table `users`
--

LOCK TABLES `users` WRITE;
/*!40000 ALTER TABLE `users` DISABLE KEYS */;
INSERT INTO `users` VALUES (1,'minh','minh',NULL),(2,'admin','admin',NULL),(3,'duong','duong',NULL),(4,'try_more','admin','hello@gmail.com'),(5,'testmore123','admin','hi@gmail.com'),(6,'test','admin',NULL);
/*!40000 ALTER TABLE `users` ENABLE KEYS */;
UNLOCK TABLES;
/*!40103 SET TIME_ZONE=@OLD_TIME_ZONE */;

/*!40101 SET SQL_MODE=@OLD_SQL_MODE */;
/*!40014 SET FOREIGN_KEY_CHECKS=@OLD_FOREIGN_KEY_CHECKS */;
/*!40014 SET UNIQUE_CHECKS=@OLD_UNIQUE_CHECKS */;
/*!40101 SET CHARACTER_SET_CLIENT=@OLD_CHARACTER_SET_CLIENT */;
/*!40101 SET CHARACTER_SET_RESULTS=@OLD_CHARACTER_SET_RESULTS */;
/*!40101 SET COLLATION_CONNECTION=@OLD_COLLATION_CONNECTION */;
/*!40111 SET SQL_NOTES=@OLD_SQL_NOTES */;

-- Dump completed on 2023-03-15 23:49:00
